age,jobtype,maritalstatus,educationlevel,indefault,hasmortgage,haspersonalloan,numcampaigncalls,priorcampaignoutcome,conversion
30,blue-collar,married,basic,no,yes,no,2,nonexistent,no
39,services,single,primary,no,no,no,4,nonexistent,no
41,entrepreneur,married,college,unknown,yes,no,2,nonexistent,no
31,services,divorced,secondary,no,no,no,1,failure,no
35,blue-collar,married,basic,unknown,no,no,1,nonexistent,no
25,services,single,basic,unknown,yes,no,1,nonexistent,no
36,self-employed,single,basic,no,no,no,1,nonexistent,no
36,admin.,married,primary,no,no,no,2,nonexistent,no
29,admin.,single,primary,no,no,no,2,nonexistent,no
45,entrepreneur,married,college,unknown,yes,yes,2,nonexistent,no
44,technician,married,secondary,unknown,yes,no,7,nonexistent,no
36,technician,divorced,secondary,no,no,no,1,nonexistent,no
28,blue-collar,married,basic,unknown,no,no,2,failure,no
34,admin.,married,college,no,no,no,1,nonexistent,no
30,blue-collar,single,basic,unknown,yes,no,1,nonexistent,no
48,technician,married,college,no,no,no,7,nonexistent,no
36,blue-collar,married,basic,no,yes,no,1,nonexistent,no
46,management,divorced,primary,no,no,no,1,nonexistent,no
31,technician,single,unknown,no,yes,no,1,failure,no
32,housemaid,married,basic,no,yes,yes,1,nonexistent,no
32,admin.,married,college,no,no,no,1,nonexistent,no
29,admin.,single,basic,no,no,no,2,nonexistent,no
37,blue-collar,married,basic,no,yes,no,2,nonexistent,no
42,blue-collar,divorced,basic,no,yes,no,2,nonexistent,no
49,technician,divorced,unknown,no,yes,yes,1,nonexistent,no
29,services,divorced,primary,no,no,yes,3,nonexistent,no
37,self-employed,married,college,no,no,no,1,failure,no
39,technician,single,secondary,unknown,no,no,4,nonexistent,yes
51,services,married,primary,unknown,yes,no,3,nonexistent,yes
31,technician,single,primary,no,yes,yes,1,nonexistent,yes
31,admin.,single,college,no,yes,no,2,nonexistent,no
33,unemployed,married,basic,no,no,no,6,nonexistent,no
41,admin.,divorced,primary,no,yes,no,2,nonexistent,no
57,retired,married,college,no,yes,no,1,success,no
36,blue-collar,married,basic,no,yes,no,1,nonexistent,no
44,blue-collar,married,primary,unknown,no,no,2,nonexistent,no
31,technician,married,secondary,no,yes,no,6,nonexistent,no
33,services,single,basic,no,yes,no,2,nonexistent,no
45,services,married,primary,unknown,yes,no,1,nonexistent,no
31,blue-collar,married,basic,no,yes,no,2,nonexistent,no
56,management,married,college,no,yes,yes,1,failure,no
39,admin.,married,college,no,no,no,2,nonexistent,no
41,management,divorced,basic,no,yes,no,1,nonexistent,no
55,blue-collar,married,secondary,no,yes,yes,3,failure,no
54,entrepreneur,married,basic,unknown,no,yes,1,nonexistent,no
45,technician,divorced,basic,unknown,no,no,2,nonexistent,no
32,blue-collar,married,basic,no,yes,no,1,failure,no
50,admin.,married,basic,unknown,yes,no,3,nonexistent,no
29,management,married,college,no,no,yes,2,nonexistent,no
24,services,single,secondary,no,yes,no,1,nonexistent,no
34,admin.,married,college,no,no,yes,2,nonexistent,no
53,blue-collar,divorced,basic,no,no,no,1,nonexistent,yes
32,technician,divorced,secondary,no,yes,no,1,nonexistent,no
42,admin.,married,primary,no,yes,no,6,nonexistent,no
33,services,single,primary,no,yes,no,1,nonexistent,no
53,unknown,married,basic,no,no,yes,1,failure,no
82,housemaid,married,basic,no,no,no,3,success,yes
28,blue-collar,married,basic,no,yes,no,1,nonexistent,no
30,admin.,married,primary,unknown,yes,no,3,nonexistent,no
32,technician,single,college,no,yes,no,1,nonexistent,no
50,services,married,unknown,no,yes,no,2,nonexistent,no
47,technician,single,unknown,no,no,no,2,nonexistent,no
31,admin.,single,primary,no,yes,yes,1,nonexistent,no
32,unemployed,married,primary,no,yes,no,1,nonexistent,no
46,admin.,single,primary,no,yes,no,2,failure,no
47,admin.,single,primary,no,no,no,2,nonexistent,no
32,admin.,single,primary,no,no,no,2,failure,no
45,admin.,married,primary,no,yes,no,3,success,yes
46,blue-collar,married,secondary,no,no,no,1,nonexistent,no
57,services,married,secondary,unknown,no,no,2,nonexistent,no
44,technician,married,secondary,no,no,no,3,nonexistent,no
40,blue-collar,married,basic,no,yes,yes,2,nonexistent,no
57,retired,single,secondary,no,yes,no,1,nonexistent,no
34,management,married,college,no,yes,yes,1,nonexistent,no
51,technician,married,unknown,no,yes,no,3,nonexistent,no
41,management,married,college,no,yes,no,1,nonexistent,no
50,blue-collar,married,basic,no,yes,no,3,success,yes
42,housemaid,married,basic,unknown,yes,no,8,nonexistent,no
58,blue-collar,married,basic,no,no,no,1,failure,no
21,student,single,primary,no,no,no,1,failure,no
46,admin.,divorced,basic,unknown,no,no,1,nonexistent,no
42,self-employed,married,college,no,yes,no,3,nonexistent,no
29,admin.,single,primary,no,yes,no,1,success,no
30,blue-collar,single,basic,unknown,yes,no,1,nonexistent,no
53,management,married,basic,no,yes,no,1,nonexistent,no
46,services,married,secondary,no,yes,no,4,nonexistent,no
41,blue-collar,divorced,basic,no,yes,no,1,failure,no
28,admin.,married,college,no,no,no,3,failure,no
24,services,single,college,no,no,no,6,nonexistent,no
43,management,married,college,unknown,yes,yes,1,nonexistent,no
32,entrepreneur,single,college,no,no,yes,1,nonexistent,no
59,retired,married,basic,no,no,no,4,nonexistent,no
76,retired,single,basic,no,no,no,4,success,yes
30,blue-collar,married,unknown,no,no,no,2,nonexistent,no
33,admin.,single,college,no,yes,no,4,nonexistent,yes
59,retired,married,basic,no,yes,no,1,nonexistent,no
41,services,married,primary,no,no,no,6,nonexistent,yes
35,technician,married,secondary,no,no,no,4,nonexistent,no
42,admin.,married,basic,no,no,no,3,failure,no
44,admin.,married,primary,no,no,no,3,nonexistent,no
50,admin.,divorced,college,no,yes,no,2,nonexistent,no
36,admin.,married,college,no,yes,no,1,nonexistent,no
27,technician,married,secondary,no,no,no,9,nonexistent,no
40,management,married,unknown,no,no,no,3,nonexistent,no
29,management,married,college,no,yes,yes,2,nonexistent,no
44,admin.,married,primary,no,no,no,3,nonexistent,no
57,blue-collar,married,unknown,unknown,yes,no,2,nonexistent,no
30,admin.,single,primary,no,yes,no,1,nonexistent,no
58,blue-collar,married,basic,no,yes,no,1,nonexistent,yes
42,blue-collar,married,basic,no,no,no,1,nonexistent,no
46,blue-collar,married,basic,unknown,yes,yes,1,nonexistent,no
34,services,married,primary,unknown,yes,no,1,nonexistent,no
42,blue-collar,married,basic,unknown,no,no,1,nonexistent,no
27,student,single,basic,no,yes,no,1,nonexistent,no
59,management,married,basic,unknown,yes,yes,1,nonexistent,no
52,technician,married,primary,no,yes,no,2,nonexistent,no
24,blue-collar,married,basic,no,yes,yes,6,nonexistent,no
59,technician,married,secondary,no,no,no,4,failure,yes
28,blue-collar,married,basic,unknown,no,no,1,nonexistent,no
46,admin.,married,secondary,no,no,no,1,failure,no
40,management,married,college,no,yes,no,6,nonexistent,no
56,blue-collar,married,basic,unknown,yes,no,2,nonexistent,no
40,management,married,college,no,yes,no,1,nonexistent,no
57,retired,married,basic,no,no,no,4,nonexistent,yes
54,blue-collar,divorced,unknown,unknown,yes,no,3,nonexistent,no
25,admin.,single,college,no,no,no,2,nonexistent,no
54,retired,divorced,basic,unknown,yes,no,1,nonexistent,no
29,admin.,single,college,no,yes,no,1,nonexistent,yes
28,blue-collar,single,primary,no,yes,no,2,nonexistent,no
38,blue-collar,married,basic,no,no,no,1,success,no
46,housemaid,divorced,basic,no,yes,no,8,nonexistent,no
38,services,married,primary,no,no,no,1,nonexistent,no
33,blue-collar,married,primary,no,yes,no,1,nonexistent,no
29,admin.,single,college,unknown,yes,no,10,nonexistent,no
60,technician,married,secondary,unknown,no,no,15,nonexistent,no
36,admin.,single,college,no,no,no,1,nonexistent,no
54,admin.,married,college,no,no,no,5,nonexistent,no
25,self-employed,single,college,no,no,no,3,nonexistent,no
54,management,married,college,no,yes,no,1,nonexistent,no
55,entrepreneur,divorced,college,unknown,no,no,1,failure,no
40,admin.,married,primary,no,no,no,3,nonexistent,no
42,blue-collar,married,basic,no,no,no,5,success,no
52,technician,married,basic,no,yes,no,1,nonexistent,no
49,admin.,married,college,no,yes,no,1,nonexistent,no
49,technician,married,secondary,no,yes,no,1,nonexistent,no
52,unknown,married,basic,no,no,no,4,nonexistent,no
32,entrepreneur,married,college,no,no,no,4,nonexistent,no
27,services,married,primary,no,no,no,3,nonexistent,no
32,admin.,single,college,no,yes,no,1,nonexistent,no
49,unemployed,married,primary,no,yes,no,1,nonexistent,no
48,services,single,basic,unknown,yes,yes,2,nonexistent,no
48,technician,married,secondary,no,yes,no,8,nonexistent,yes
28,admin.,married,primary,no,yes,no,3,nonexistent,no
52,management,married,college,unknown,yes,yes,1,nonexistent,no
43,admin.,divorced,college,unknown,no,no,2,nonexistent,no
39,admin.,single,unknown,no,no,yes,4,nonexistent,no
43,unemployed,married,basic,no,no,no,2,nonexistent,no
32,services,married,primary,no,unknown,unknown,2,nonexistent,no
37,management,married,college,no,yes,no,1,nonexistent,no
36,technician,married,primary,unknown,yes,no,2,nonexistent,no
50,admin.,married,basic,no,no,no,1,nonexistent,no
30,admin.,single,college,no,no,no,1,nonexistent,no
33,blue-collar,married,basic,no,yes,no,1,nonexistent,no
30,admin.,single,college,no,no,no,2,failure,no
39,technician,divorced,secondary,no,yes,no,1,nonexistent,no
48,technician,married,basic,no,no,yes,1,nonexistent,no
54,blue-collar,married,unknown,no,yes,no,3,nonexistent,no
38,blue-collar,married,unknown,unknown,no,yes,1,nonexistent,no
35,blue-collar,married,basic,no,yes,no,2,nonexistent,no
45,blue-collar,married,primary,no,yes,yes,2,success,yes
46,management,married,college,no,yes,no,6,nonexistent,no
55,admin.,married,basic,no,yes,no,1,failure,no
54,blue-collar,married,basic,no,yes,no,2,nonexistent,no
45,admin.,single,college,no,yes,no,1,nonexistent,no
42,self-employed,married,college,no,no,no,2,nonexistent,no
40,blue-collar,married,primary,unknown,yes,no,1,nonexistent,no
32,admin.,single,secondary,no,yes,no,11,nonexistent,no
67,housemaid,divorced,secondary,no,yes,no,2,success,yes
73,retired,married,college,no,yes,no,1,nonexistent,yes
32,management,single,basic,no,no,no,7,nonexistent,no
33,technician,married,college,no,no,no,2,nonexistent,no
48,self-employed,married,college,unknown,yes,no,2,nonexistent,no
60,unknown,married,college,no,no,yes,1,nonexistent,no
30,blue-collar,married,basic,no,no,no,1,nonexistent,yes
25,admin.,married,college,no,yes,no,1,nonexistent,no
29,technician,single,college,no,no,no,1,nonexistent,no
25,admin.,married,primary,no,no,yes,4,nonexistent,no
53,unknown,married,unknown,unknown,no,no,4,nonexistent,no
36,self-employed,married,basic,unknown,no,no,1,nonexistent,no
45,blue-collar,single,basic,no,no,no,1,nonexistent,no
31,technician,single,college,no,no,no,1,nonexistent,yes
54,admin.,married,unknown,unknown,no,no,16,nonexistent,no
51,blue-collar,married,basic,unknown,yes,no,2,nonexistent,no
39,services,married,basic,no,no,no,2,nonexistent,no
51,blue-collar,married,primary,no,yes,no,1,failure,yes
38,management,married,college,no,yes,no,1,nonexistent,yes
30,admin.,single,college,no,no,no,1,nonexistent,no
34,admin.,married,basic,no,yes,yes,2,nonexistent,no
27,self-employed,single,college,no,yes,yes,1,nonexistent,no
42,technician,single,college,no,yes,yes,8,nonexistent,no
30,technician,single,college,no,no,yes,2,nonexistent,no
49,blue-collar,married,basic,no,no,no,2,nonexistent,no
52,blue-collar,divorced,basic,no,yes,no,1,failure,no
51,management,married,college,no,yes,no,2,failure,no
60,retired,married,unknown,no,yes,no,2,nonexistent,yes
64,unemployed,divorced,basic,no,yes,no,2,nonexistent,no
74,retired,married,college,no,no,no,1,nonexistent,no
46,services,married,primary,no,no,no,3,nonexistent,no
41,entrepreneur,divorced,secondary,no,yes,no,1,nonexistent,no
50,blue-collar,married,basic,unknown,yes,no,1,nonexistent,no
29,technician,single,secondary,no,yes,no,1,nonexistent,no
44,self-employed,married,basic,no,yes,no,1,nonexistent,no
23,student,single,primary,no,yes,no,2,failure,yes
38,unemployed,married,basic,unknown,no,no,1,nonexistent,yes
36,admin.,married,primary,no,no,no,3,nonexistent,no
31,management,married,college,no,yes,no,2,nonexistent,no
41,admin.,married,college,no,yes,no,1,nonexistent,no
39,unemployed,married,college,no,yes,no,2,nonexistent,no
36,technician,divorced,secondary,unknown,no,no,4,nonexistent,no
34,blue-collar,married,secondary,no,yes,no,3,nonexistent,no
37,management,married,college,no,yes,no,1,success,yes
36,housemaid,married,basic,no,no,no,2,nonexistent,no
43,services,married,primary,no,no,no,1,nonexistent,no
47,blue-collar,married,basic,no,yes,yes,3,nonexistent,no
42,blue-collar,divorced,basic,no,unknown,unknown,1,nonexistent,no
36,technician,single,secondary,no,no,no,2,nonexistent,yes
46,services,married,basic,no,no,yes,2,nonexistent,no
35,admin.,divorced,primary,no,no,no,3,nonexistent,no
35,technician,single,college,no,yes,no,1,nonexistent,no
35,management,single,primary,no,yes,yes,2,nonexistent,no
37,admin.,single,primary,no,yes,no,4,nonexistent,no
31,admin.,single,college,no,no,no,1,nonexistent,no
49,technician,divorced,primary,no,yes,no,1,nonexistent,no
34,technician,married,basic,no,yes,no,1,nonexistent,no
35,student,single,college,unknown,no,no,1,nonexistent,yes
58,retired,divorced,primary,no,yes,no,2,nonexistent,no
41,admin.,married,primary,no,yes,no,1,failure,no
39,services,married,primary,no,yes,yes,1,nonexistent,no
49,blue-collar,married,basic,unknown,no,no,1,nonexistent,no
33,management,married,college,no,no,no,3,nonexistent,no
27,services,single,primary,unknown,no,no,4,nonexistent,yes
35,blue-collar,married,basic,no,yes,no,1,nonexistent,no
27,admin.,single,primary,no,yes,no,1,nonexistent,no
29,blue-collar,married,primary,no,yes,no,1,nonexistent,no
50,blue-collar,married,basic,unknown,yes,no,2,nonexistent,no
33,admin.,married,college,no,no,no,6,nonexistent,no
31,student,single,college,no,no,no,3,success,yes
27,blue-collar,single,basic,no,yes,no,2,failure,no
34,technician,married,college,no,yes,no,1,nonexistent,yes
37,services,married,basic,unknown,yes,no,1,nonexistent,no
33,blue-collar,single,basic,no,no,yes,3,failure,no
25,unemployed,married,primary,unknown,unknown,unknown,10,nonexistent,no
59,retired,married,college,no,yes,no,18,nonexistent,no
30,technician,single,primary,no,no,no,4,nonexistent,yes
42,blue-collar,married,basic,unknown,no,no,9,nonexistent,no
41,self-employed,single,college,no,yes,yes,17,nonexistent,no
32,technician,single,primary,no,no,no,5,nonexistent,no
29,technician,single,college,no,no,no,3,nonexistent,no
41,technician,married,secondary,no,yes,no,2,nonexistent,yes
42,technician,married,college,unknown,yes,no,1,nonexistent,no
29,student,single,college,no,yes,no,1,nonexistent,no
31,housemaid,single,primary,no,yes,no,3,nonexistent,no
31,admin.,single,primary,no,yes,no,2,nonexistent,no
43,admin.,married,college,no,yes,yes,1,nonexistent,no
31,admin.,single,college,no,no,no,1,nonexistent,no
59,admin.,married,college,no,yes,yes,9,nonexistent,no
32,housemaid,single,college,unknown,yes,no,4,nonexistent,no
24,student,single,primary,no,no,no,1,failure,no
34,services,married,primary,no,no,no,1,nonexistent,no
46,self-employed,married,basic,unknown,yes,no,1,failure,no
56,management,married,college,no,no,yes,1,nonexistent,no
34,blue-collar,married,basic,no,no,no,3,nonexistent,no
33,admin.,married,college,no,yes,no,1,success,yes
40,admin.,married,unknown,no,no,no,4,nonexistent,no
33,admin.,single,primary,no,yes,no,1,nonexistent,no
75,retired,married,college,no,yes,no,1,failure,yes
58,blue-collar,married,secondary,no,no,no,12,nonexistent,no
30,blue-collar,single,unknown,no,yes,yes,1,nonexistent,no
30,admin.,married,primary,no,yes,no,6,nonexistent,no
54,retired,single,primary,no,yes,no,3,nonexistent,no
32,technician,single,college,no,yes,no,13,nonexistent,no
55,retired,divorced,secondary,no,no,yes,2,nonexistent,no
29,admin.,single,college,no,no,no,1,nonexistent,no
31,technician,married,secondary,no,no,no,2,nonexistent,no
25,technician,divorced,college,no,yes,no,2,nonexistent,no
35,blue-collar,married,basic,no,yes,no,1,success,no
49,technician,married,basic,no,yes,no,6,nonexistent,no
35,blue-collar,married,basic,unknown,yes,no,1,nonexistent,no
36,admin.,married,college,no,no,no,1,failure,no
32,blue-collar,married,basic,no,no,yes,4,nonexistent,no
34,admin.,single,college,no,no,no,4,failure,no
29,technician,single,college,no,yes,no,1,nonexistent,no
49,management,married,primary,no,no,no,1,nonexistent,no
42,technician,married,secondary,unknown,yes,no,10,nonexistent,no
34,technician,married,secondary,no,yes,yes,3,nonexistent,no
53,technician,married,secondary,no,yes,no,5,failure,no
27,technician,single,college,no,yes,no,1,failure,yes
23,admin.,single,college,no,yes,no,1,failure,no
38,admin.,single,college,no,yes,no,2,nonexistent,no
28,services,married,primary,no,yes,yes,2,nonexistent,no
43,blue-collar,married,basic,no,yes,no,2,nonexistent,no
42,admin.,married,college,no,yes,no,5,nonexistent,no
49,blue-collar,single,basic,unknown,no,no,1,nonexistent,no
52,services,married,secondary,unknown,yes,yes,3,nonexistent,no
23,admin.,single,college,no,yes,yes,3,nonexistent,no
34,technician,married,secondary,no,yes,yes,7,nonexistent,no
36,services,married,primary,no,no,no,3,nonexistent,no
54,admin.,single,college,unknown,no,no,2,nonexistent,no
39,services,divorced,basic,no,yes,no,1,nonexistent,no
54,technician,married,college,unknown,no,no,4,nonexistent,no
50,blue-collar,married,secondary,unknown,yes,no,1,failure,no
35,technician,single,secondary,no,unknown,unknown,2,nonexistent,no
26,admin.,single,college,no,yes,no,1,failure,no
29,entrepreneur,married,basic,no,no,no,4,nonexistent,no
58,admin.,married,college,no,no,no,2,nonexistent,no
34,management,married,college,unknown,yes,no,1,nonexistent,no
40,admin.,married,college,no,yes,yes,1,nonexistent,no
25,admin.,single,college,no,no,no,2,nonexistent,no
32,admin.,married,primary,no,no,no,2,nonexistent,no
41,admin.,married,college,no,no,no,3,nonexistent,yes
41,blue-collar,married,basic,no,yes,no,3,nonexistent,no
36,blue-collar,married,basic,unknown,yes,no,1,failure,no
54,entrepreneur,married,secondary,no,yes,yes,1,nonexistent,no
25,student,single,unknown,unknown,yes,no,1,failure,no
36,services,divorced,basic,no,yes,no,2,nonexistent,no
38,admin.,single,secondary,no,no,no,1,nonexistent,no
37,services,single,basic,no,no,no,1,nonexistent,no
25,admin.,married,unknown,no,no,no,1,nonexistent,no
52,admin.,married,primary,no,yes,no,2,failure,no
23,technician,single,primary,no,no,no,1,nonexistent,no
50,admin.,married,college,no,no,no,1,nonexistent,no
46,technician,married,secondary,no,no,yes,1,nonexistent,no
43,blue-collar,single,basic,unknown,no,no,3,nonexistent,no
38,management,divorced,college,no,no,no,2,failure,no
53,admin.,single,basic,no,yes,yes,2,nonexistent,no
28,services,married,primary,no,no,no,1,nonexistent,no
56,technician,married,college,unknown,no,no,19,nonexistent,no
48,admin.,divorced,college,no,no,no,1,nonexistent,yes
33,blue-collar,married,basic,no,yes,yes,1,nonexistent,no
38,admin.,married,primary,unknown,no,no,4,nonexistent,no
48,housemaid,married,basic,unknown,no,yes,1,nonexistent,no
50,self-employed,married,basic,unknown,unknown,unknown,3,nonexistent,no
29,admin.,married,college,no,yes,yes,3,nonexistent,no
31,unemployed,married,basic,no,yes,no,1,nonexistent,no
34,blue-collar,married,basic,no,yes,no,5,nonexistent,no
21,student,single,primary,no,yes,yes,2,nonexistent,yes
34,services,single,primary,no,yes,no,3,failure,no
48,technician,divorced,secondary,no,no,no,1,nonexistent,no
37,blue-collar,married,basic,unknown,yes,no,1,nonexistent,no
35,admin.,single,college,no,yes,no,1,nonexistent,no
31,services,divorced,primary,no,yes,yes,1,nonexistent,no
64,unknown,married,unknown,no,yes,no,4,nonexistent,yes
34,admin.,single,primary,no,no,no,1,nonexistent,no
59,retired,married,secondary,unknown,yes,no,8,nonexistent,no
59,retired,married,secondary,no,no,no,3,nonexistent,no
33,admin.,single,primary,no,no,no,1,nonexistent,no
29,blue-collar,divorced,basic,no,yes,no,4,failure,no
34,admin.,single,basic,no,no,no,11,nonexistent,no
27,admin.,married,primary,no,yes,yes,1,nonexistent,no
49,admin.,married,primary,no,yes,no,2,nonexistent,no
36,technician,divorced,basic,no,no,no,1,nonexistent,no
46,blue-collar,single,basic,unknown,yes,no,1,nonexistent,no
31,services,married,primary,no,unknown,unknown,2,failure,no
36,technician,married,college,no,yes,yes,4,nonexistent,no
32,entrepreneur,married,primary,no,yes,no,1,failure,no
54,management,married,college,no,yes,no,1,nonexistent,no
28,technician,divorced,college,no,yes,no,1,nonexistent,no
54,management,married,college,no,no,no,1,failure,yes
57,admin.,married,basic,no,no,no,1,failure,no
49,unemployed,married,secondary,no,no,no,1,nonexistent,no
45,blue-collar,married,basic,unknown,yes,no,3,nonexistent,no
53,services,married,college,no,no,no,1,failure,no
32,blue-collar,married,basic,no,yes,no,3,nonexistent,no
29,student,single,unknown,no,no,no,4,nonexistent,no
49,blue-collar,married,basic,unknown,no,yes,3,nonexistent,no
50,blue-collar,married,basic,unknown,yes,no,3,nonexistent,no
37,technician,married,secondary,no,yes,no,6,nonexistent,no
25,blue-collar,married,basic,unknown,yes,no,3,nonexistent,no
35,self-employed,single,college,no,no,yes,1,success,no
51,unemployed,married,basic,no,no,no,2,failure,yes
26,entrepreneur,married,unknown,no,no,no,3,nonexistent,no
38,management,married,basic,unknown,no,no,1,nonexistent,yes
54,admin.,single,college,no,no,no,1,nonexistent,yes
40,blue-collar,married,basic,unknown,no,no,5,nonexistent,no
43,blue-collar,married,basic,no,no,yes,2,nonexistent,no
34,technician,divorced,secondary,no,yes,no,1,failure,no
42,technician,married,secondary,no,yes,yes,2,nonexistent,no
47,admin.,divorced,college,no,yes,no,2,nonexistent,no
41,admin.,married,college,no,no,yes,3,nonexistent,no
31,management,married,basic,no,no,yes,2,nonexistent,no
36,blue-collar,married,primary,unknown,no,no,4,nonexistent,no
43,blue-collar,single,secondary,no,no,no,1,nonexistent,no
31,unemployed,married,college,no,no,no,1,nonexistent,no
50,admin.,married,college,no,no,no,2,failure,yes
26,self-employed,single,college,no,yes,no,2,nonexistent,no
37,unemployed,unknown,college,no,no,no,1,nonexistent,no
32,blue-collar,single,basic,no,yes,no,17,nonexistent,no
38,services,married,basic,no,no,yes,2,nonexistent,no
48,technician,married,secondary,no,no,no,1,failure,no
46,blue-collar,married,basic,unknown,yes,no,2,nonexistent,no
48,self-employed,married,basic,unknown,yes,no,2,nonexistent,no
38,unknown,divorced,primary,unknown,yes,no,3,nonexistent,no
55,retired,married,basic,unknown,no,yes,4,nonexistent,no
29,blue-collar,single,basic,no,no,no,1,nonexistent,no
36,services,married,primary,unknown,no,no,1,nonexistent,no
33,admin.,single,primary,no,no,yes,1,nonexistent,no
47,management,married,college,no,no,no,3,nonexistent,no
47,admin.,married,basic,no,no,no,1,nonexistent,no
32,technician,single,college,no,yes,no,1,nonexistent,no
38,technician,single,primary,no,no,no,2,nonexistent,no
38,unknown,married,unknown,no,yes,no,10,nonexistent,no
26,unemployed,single,basic,no,yes,no,3,nonexistent,no
38,admin.,single,college,no,no,no,1,nonexistent,no
41,services,married,primary,unknown,yes,no,2,nonexistent,yes
39,self-employed,divorced,primary,no,no,no,1,success,yes
48,admin.,divorced,primary,no,no,no,2,nonexistent,no
35,admin.,single,college,no,yes,no,5,nonexistent,no
28,admin.,single,college,no,no,yes,2,nonexistent,no
35,blue-collar,married,basic,no,no,no,2,nonexistent,no
34,technician,married,primary,no,no,no,1,nonexistent,no
36,blue-collar,married,basic,no,no,yes,1,nonexistent,no
28,blue-collar,married,basic,unknown,no,no,1,nonexistent,no
55,admin.,married,basic,no,yes,yes,2,nonexistent,no
50,technician,married,primary,no,yes,no,1,failure,yes
35,blue-collar,divorced,basic,no,unknown,unknown,3,nonexistent,no
58,unknown,married,basic,no,yes,no,1,failure,yes
47,blue-collar,married,secondary,no,yes,no,4,failure,no
29,blue-collar,single,basic,no,no,no,1,nonexistent,no
37,entrepreneur,single,basic,no,yes,no,1,success,no
35,admin.,married,college,no,no,no,4,nonexistent,yes
31,self-employed,married,college,no,yes,no,2,nonexistent,no
85,housemaid,divorced,basic,unknown,yes,no,2,nonexistent,no
29,technician,single,basic,no,no,no,1,nonexistent,no
34,blue-collar,married,basic,no,yes,no,1,nonexistent,no
46,admin.,single,college,no,yes,yes,7,nonexistent,no
57,management,married,basic,unknown,yes,no,5,failure,no
32,technician,single,college,no,yes,no,5,nonexistent,no
59,retired,married,basic,no,no,no,4,nonexistent,no
55,admin.,married,secondary,no,yes,yes,1,nonexistent,no
33,housemaid,single,college,unknown,yes,no,3,nonexistent,no
34,blue-collar,single,basic,no,no,no,3,nonexistent,no
30,self-employed,married,secondary,no,no,no,2,failure,no
34,blue-collar,single,basic,no,no,no,2,failure,no
47,blue-collar,single,basic,unknown,yes,no,1,nonexistent,no
33,admin.,married,primary,unknown,yes,no,1,nonexistent,no
33,services,married,primary,no,unknown,unknown,1,failure,no
48,services,married,basic,no,no,no,6,nonexistent,no
63,technician,married,unknown,no,yes,no,1,nonexistent,no
26,blue-collar,married,secondary,no,yes,no,2,nonexistent,no
24,admin.,single,primary,unknown,yes,no,1,nonexistent,no
30,services,married,primary,unknown,yes,no,1,nonexistent,no
29,blue-collar,single,basic,no,yes,no,9,failure,no
56,management,married,college,no,no,no,2,nonexistent,no
36,blue-collar,single,basic,no,yes,yes,3,nonexistent,yes
47,services,married,unknown,no,no,no,2,nonexistent,no
34,blue-collar,married,basic,no,no,no,3,nonexistent,no
31,self-employed,married,college,no,no,no,2,nonexistent,no
59,unemployed,married,basic,unknown,yes,no,9,nonexistent,yes
36,blue-collar,married,basic,unknown,yes,no,3,nonexistent,no
42,blue-collar,married,basic,no,no,no,5,nonexistent,no
31,entrepreneur,divorced,primary,no,yes,no,1,nonexistent,no
36,blue-collar,married,secondary,unknown,yes,no,5,nonexistent,no
60,retired,married,basic,unknown,yes,no,2,nonexistent,no
30,blue-collar,single,basic,no,no,no,1,nonexistent,no
27,blue-collar,single,basic,no,no,yes,2,nonexistent,no
30,admin.,married,college,no,yes,yes,6,nonexistent,no
43,technician,single,basic,no,yes,no,2,nonexistent,no
56,unemployed,divorced,college,unknown,yes,no,1,nonexistent,no
42,technician,single,primary,unknown,yes,no,1,nonexistent,no
56,housemaid,divorced,basic,unknown,yes,no,5,nonexistent,no
39,services,single,primary,unknown,no,no,1,nonexistent,no
32,technician,single,college,no,yes,no,2,nonexistent,no
38,technician,married,primary,no,unknown,unknown,1,nonexistent,no
28,management,single,college,no,no,no,5,nonexistent,yes
31,admin.,married,college,no,yes,no,4,nonexistent,no
50,entrepreneur,married,college,no,yes,no,3,nonexistent,no
32,blue-collar,single,primary,no,no,yes,3,nonexistent,no
56,self-employed,married,college,no,no,no,3,failure,no
42,admin.,married,primary,no,yes,no,1,nonexistent,no
38,technician,married,secondary,unknown,no,no,2,nonexistent,no
36,admin.,single,college,no,no,no,5,nonexistent,no
52,retired,married,basic,unknown,unknown,unknown,4,nonexistent,no
55,technician,married,college,no,no,no,1,nonexistent,no
71,retired,married,basic,no,yes,yes,1,success,no
30,admin.,single,college,no,no,no,2,nonexistent,yes
30,admin.,divorced,college,no,yes,no,1,nonexistent,no
50,blue-collar,divorced,basic,no,no,no,5,nonexistent,no
57,retired,married,college,no,yes,no,1,failure,no
37,admin.,single,primary,no,no,no,2,success,yes
39,admin.,single,college,no,yes,no,1,nonexistent,no
55,blue-collar,married,secondary,unknown,yes,no,1,nonexistent,no
27,student,single,secondary,no,no,no,1,nonexistent,no
35,unknown,married,basic,no,no,no,2,nonexistent,no
59,retired,unknown,college,unknown,no,no,1,nonexistent,no
42,management,married,college,unknown,yes,no,5,nonexistent,no
26,admin.,single,basic,no,yes,yes,6,nonexistent,no
53,unemployed,married,college,no,unknown,unknown,1,nonexistent,no
29,management,single,college,no,yes,no,2,nonexistent,no
35,services,single,basic,no,no,no,5,nonexistent,no
38,admin.,married,college,no,yes,no,11,nonexistent,no
29,blue-collar,married,basic,no,no,yes,3,nonexistent,no
34,technician,married,secondary,no,unknown,unknown,3,nonexistent,no
51,management,married,college,no,no,no,17,nonexistent,no
50,technician,married,college,no,yes,yes,2,nonexistent,no
58,admin.,single,college,no,no,no,3,nonexistent,yes
38,blue-collar,married,basic,unknown,no,no,1,nonexistent,no
37,services,married,primary,unknown,yes,no,3,nonexistent,no
46,admin.,divorced,college,no,yes,yes,2,failure,no
47,admin.,married,college,no,yes,yes,3,failure,no
39,blue-collar,married,basic,unknown,no,yes,1,nonexistent,no
32,services,married,primary,no,no,no,1,nonexistent,no
29,management,single,college,no,yes,yes,3,nonexistent,no
43,management,divorced,primary,no,yes,no,2,nonexistent,no
35,admin.,single,primary,no,yes,no,1,nonexistent,no
25,blue-collar,married,primary,unknown,yes,no,4,nonexistent,no
47,blue-collar,married,basic,unknown,yes,no,1,nonexistent,no
38,blue-collar,single,basic,unknown,no,yes,1,failure,no
47,blue-collar,married,basic,unknown,yes,yes,1,nonexistent,no
28,technician,single,secondary,no,yes,no,1,failure,no
35,admin.,single,college,no,yes,no,1,nonexistent,no
36,services,married,primary,unknown,yes,yes,2,nonexistent,no
35,management,divorced,primary,no,yes,no,4,nonexistent,no
56,retired,married,basic,no,no,no,3,nonexistent,no
45,admin.,single,college,no,no,no,3,nonexistent,no
38,unknown,married,unknown,unknown,no,no,4,nonexistent,no
42,admin.,single,college,no,yes,no,1,nonexistent,no
39,technician,married,secondary,no,yes,no,1,success,no
37,services,married,primary,no,no,yes,1,failure,no
29,technician,single,primary,no,yes,no,6,nonexistent,no
32,admin.,single,primary,no,no,no,1,nonexistent,yes
38,blue-collar,married,basic,no,no,no,1,nonexistent,no
32,admin.,single,college,no,no,no,1,nonexistent,no
34,self-employed,single,primary,no,yes,no,4,nonexistent,no
53,technician,married,secondary,no,no,no,1,nonexistent,no
51,unemployed,married,secondary,unknown,yes,yes,1,nonexistent,yes
42,admin.,married,college,no,yes,no,1,nonexistent,no
36,technician,single,secondary,no,no,yes,2,nonexistent,no
24,blue-collar,single,basic,no,yes,no,3,nonexistent,no
30,technician,married,college,unknown,yes,no,1,nonexistent,no
50,blue-collar,married,basic,unknown,no,no,1,nonexistent,no
32,unemployed,married,college,no,yes,no,8,nonexistent,no
41,blue-collar,single,basic,no,unknown,unknown,3,nonexistent,no
33,blue-collar,married,basic,no,no,no,1,nonexistent,yes
42,services,married,primary,no,no,no,2,nonexistent,no
56,admin.,married,college,no,no,no,9,nonexistent,no
46,entrepreneur,married,basic,no,no,no,1,nonexistent,no
42,admin.,single,primary,no,no,no,1,nonexistent,no
43,self-employed,married,basic,no,no,yes,5,nonexistent,no
52,services,married,basic,no,no,yes,2,nonexistent,no
26,blue-collar,single,basic,no,yes,yes,3,nonexistent,no
33,blue-collar,married,basic,unknown,no,no,7,nonexistent,no
61,self-employed,divorced,college,no,no,no,2,failure,no
41,blue-collar,married,basic,no,yes,no,2,nonexistent,no
47,management,married,primary,no,no,yes,1,failure,no
24,admin.,single,primary,no,yes,no,3,nonexistent,no
45,blue-collar,divorced,primary,unknown,no,no,1,nonexistent,no
51,entrepreneur,married,basic,no,yes,no,2,nonexistent,no
32,services,married,primary,no,no,no,1,nonexistent,no
56,technician,divorced,college,unknown,no,yes,2,nonexistent,no
35,services,single,primary,no,yes,no,1,failure,no
38,services,single,basic,no,yes,no,1,nonexistent,no
52,services,single,primary,no,yes,no,1,nonexistent,no
35,student,single,unknown,unknown,no,no,2,nonexistent,no
40,technician,married,secondary,no,no,no,1,nonexistent,no
28,blue-collar,single,secondary,no,yes,no,2,nonexistent,no
28,admin.,single,college,no,no,no,1,nonexistent,no
53,services,married,primary,unknown,yes,no,1,nonexistent,no
73,retired,married,secondary,no,yes,no,2,nonexistent,no
64,housemaid,married,unknown,no,yes,no,3,nonexistent,yes
50,management,married,unknown,no,yes,no,2,nonexistent,no
34,technician,married,secondary,no,yes,no,1,nonexistent,no
40,admin.,married,primary,unknown,yes,no,3,nonexistent,no
41,admin.,divorced,college,no,yes,no,4,nonexistent,no
38,admin.,married,college,no,yes,no,3,nonexistent,no
47,technician,divorced,primary,no,yes,no,3,nonexistent,no
36,technician,single,secondary,no,yes,no,2,failure,no
36,blue-collar,married,basic,no,no,no,1,nonexistent,no
37,admin.,married,college,no,no,no,1,nonexistent,no
32,blue-collar,single,basic,no,yes,no,2,nonexistent,no
36,admin.,single,college,no,yes,yes,8,nonexistent,no
32,admin.,divorced,basic,no,yes,no,3,nonexistent,no
34,services,married,primary,no,no,no,1,nonexistent,no
24,admin.,single,college,no,no,no,1,failure,no
37,services,married,primary,no,yes,no,2,nonexistent,no
37,blue-collar,married,primary,no,yes,no,4,nonexistent,no
27,admin.,single,primary,no,yes,no,1,nonexistent,no
36,housemaid,married,basic,no,yes,no,3,nonexistent,no
37,management,married,college,no,yes,no,2,nonexistent,no
46,technician,married,secondary,no,yes,no,4,nonexistent,no
55,technician,married,college,no,no,no,1,nonexistent,no
51,retired,married,basic,no,yes,no,1,nonexistent,no
41,technician,married,secondary,no,yes,yes,2,nonexistent,no
54,retired,married,primary,no,no,no,1,nonexistent,no
40,admin.,married,college,no,yes,no,5,nonexistent,no
35,technician,married,secondary,no,yes,no,3,nonexistent,no
55,blue-collar,divorced,basic,unknown,no,no,4,nonexistent,no
36,admin.,single,primary,no,no,no,1,nonexistent,no
53,technician,married,secondary,no,yes,no,2,nonexistent,no
36,blue-collar,single,basic,no,yes,no,8,nonexistent,no
32,admin.,married,primary,no,no,no,1,nonexistent,no
32,services,married,basic,unknown,no,no,4,nonexistent,yes
49,entrepreneur,married,college,no,yes,no,1,nonexistent,no
35,admin.,married,primary,unknown,no,no,1,nonexistent,yes
38,management,married,college,no,no,no,1,nonexistent,no
26,technician,single,secondary,no,yes,no,1,success,yes
47,admin.,divorced,college,no,yes,no,2,nonexistent,no
32,management,married,college,no,yes,yes,2,nonexistent,no
55,technician,married,secondary,no,no,yes,3,failure,no
29,technician,married,secondary,no,no,no,2,nonexistent,no
32,admin.,single,college,no,yes,no,1,nonexistent,yes
33,blue-collar,married,basic,no,no,no,1,nonexistent,yes
44,services,divorced,primary,no,no,no,4,nonexistent,yes
52,self-employed,married,basic,unknown,yes,no,4,nonexistent,no
25,student,single,primary,no,no,no,2,nonexistent,no
31,entrepreneur,single,basic,unknown,yes,no,3,nonexistent,no
38,blue-collar,divorced,unknown,no,no,no,3,nonexistent,no
39,admin.,single,primary,no,yes,no,1,nonexistent,no
54,retired,married,basic,no,yes,no,3,nonexistent,yes
46,admin.,divorced,basic,no,yes,no,2,nonexistent,no
45,services,married,primary,no,yes,no,4,nonexistent,no
50,unknown,married,unknown,unknown,yes,no,1,nonexistent,no
50,admin.,married,college,no,no,yes,4,nonexistent,no
42,unemployed,married,primary,unknown,no,no,3,nonexistent,no
31,student,single,unknown,no,yes,no,3,failure,yes
29,admin.,married,college,no,no,yes,3,success,yes
43,technician,married,secondary,no,no,no,2,nonexistent,no
33,technician,divorced,secondary,no,yes,no,2,nonexistent,no
42,entrepreneur,married,basic,unknown,yes,no,2,nonexistent,no
33,blue-collar,married,basic,no,yes,no,3,nonexistent,yes
45,unknown,married,unknown,unknown,no,no,1,nonexistent,no
28,admin.,married,college,no,no,no,4,nonexistent,no
49,blue-collar,married,basic,unknown,no,no,4,nonexistent,no
44,services,divorced,primary,no,yes,no,1,nonexistent,yes
27,admin.,single,college,no,yes,no,2,nonexistent,yes
58,management,divorced,college,no,yes,no,5,nonexistent,no
28,services,single,primary,no,no,no,3,nonexistent,no
41,admin.,married,college,no,no,no,2,nonexistent,yes
37,technician,single,college,no,yes,no,2,failure,yes
35,blue-collar,married,basic,no,yes,no,1,failure,no
36,unemployed,married,college,no,no,no,2,nonexistent,no
32,admin.,single,college,no,yes,yes,2,nonexistent,no
36,self-employed,divorced,secondary,unknown,yes,yes,4,nonexistent,no
48,management,married,college,no,yes,yes,2,nonexistent,yes
43,technician,divorced,secondary,no,yes,no,3,nonexistent,no
47,admin.,divorced,primary,no,yes,no,1,success,no
24,technician,single,secondary,no,yes,no,5,nonexistent,no
26,student,single,basic,no,yes,no,2,failure,no
41,technician,single,secondary,no,yes,no,1,nonexistent,no
33,technician,married,secondary,no,no,no,4,nonexistent,no
47,technician,married,unknown,unknown,yes,no,2,nonexistent,no
29,admin.,married,primary,no,yes,yes,3,nonexistent,no
35,admin.,married,primary,unknown,no,no,4,nonexistent,no
29,technician,married,secondary,no,yes,no,1,nonexistent,no
57,retired,married,college,no,no,no,1,failure,no
49,unemployed,married,basic,unknown,no,no,5,failure,no
31,blue-collar,married,basic,no,no,no,2,nonexistent,no
38,admin.,single,college,no,yes,no,1,nonexistent,no
38,management,married,college,no,yes,no,1,nonexistent,no
30,admin.,married,college,no,yes,no,1,nonexistent,yes
38,housemaid,married,college,no,yes,no,2,nonexistent,no
31,management,divorced,college,no,yes,no,2,nonexistent,no
27,blue-collar,single,basic,no,no,no,3,nonexistent,no
32,admin.,married,college,no,yes,yes,2,nonexistent,no
30,admin.,married,college,unknown,yes,no,2,nonexistent,no
36,admin.,single,unknown,no,no,no,1,nonexistent,no
55,unemployed,single,basic,unknown,unknown,unknown,7,nonexistent,no
38,admin.,married,primary,no,yes,no,3,nonexistent,no
28,blue-collar,single,basic,unknown,no,no,1,nonexistent,no
42,technician,married,secondary,no,no,no,1,success,yes
41,entrepreneur,married,college,no,yes,no,1,nonexistent,yes
38,admin.,married,secondary,no,no,no,3,nonexistent,no
41,admin.,single,college,no,yes,no,1,nonexistent,no
35,admin.,married,college,no,yes,no,3,nonexistent,no
30,admin.,single,college,no,yes,no,1,nonexistent,no
29,technician,single,secondary,no,yes,yes,1,nonexistent,no
38,unknown,divorced,primary,unknown,yes,no,1,nonexistent,no
53,blue-collar,divorced,basic,no,no,no,1,nonexistent,no
29,admin.,single,college,no,no,no,2,nonexistent,no
33,technician,single,secondary,no,yes,no,1,failure,no
43,blue-collar,married,basic,unknown,yes,no,5,nonexistent,no
54,management,married,college,no,yes,no,1,nonexistent,no
60,management,married,unknown,unknown,yes,no,1,nonexistent,no
27,services,single,primary,no,yes,no,1,failure,no
36,admin.,married,primary,no,yes,no,2,nonexistent,no
34,technician,single,secondary,no,yes,yes,1,nonexistent,no
86,retired,married,unknown,unknown,yes,no,1,nonexistent,yes
37,technician,single,college,no,yes,no,1,failure,yes
66,housemaid,married,primary,no,yes,no,1,nonexistent,no
33,services,married,primary,unknown,no,no,1,nonexistent,no
57,retired,single,basic,no,yes,no,1,nonexistent,no
49,admin.,married,basic,no,yes,no,4,nonexistent,no
41,technician,single,college,unknown,no,no,8,nonexistent,no
37,technician,married,college,no,yes,no,1,failure,yes
42,services,single,basic,no,yes,yes,8,nonexistent,no
32,services,married,primary,no,no,no,1,nonexistent,no
30,blue-collar,married,basic,unknown,yes,no,11,nonexistent,no
48,blue-collar,married,secondary,no,yes,yes,1,nonexistent,no
41,admin.,married,college,no,yes,no,7,success,no
33,services,married,primary,no,no,no,1,nonexistent,no
32,unemployed,single,secondary,no,yes,yes,1,nonexistent,yes
55,entrepreneur,divorced,unknown,no,no,no,9,nonexistent,no
46,management,married,college,no,yes,no,2,failure,no
42,technician,divorced,basic,no,no,no,1,nonexistent,no
29,technician,unknown,primary,no,yes,no,1,nonexistent,no
47,housemaid,divorced,basic,unknown,yes,yes,2,nonexistent,no
32,admin.,single,college,no,yes,no,2,success,no
41,admin.,married,college,no,yes,no,1,success,yes
30,services,married,primary,unknown,no,no,2,nonexistent,no
38,self-employed,married,primary,no,yes,no,5,nonexistent,no
28,student,single,unknown,unknown,yes,no,1,failure,no
40,unemployed,single,basic,no,no,no,1,nonexistent,yes
31,entrepreneur,single,basic,unknown,yes,yes,3,nonexistent,no
37,housemaid,married,basic,no,no,no,4,nonexistent,no
52,housemaid,married,basic,no,yes,no,1,nonexistent,no
33,admin.,married,college,no,yes,no,1,nonexistent,no
37,unemployed,married,college,no,no,yes,3,nonexistent,no
34,services,single,primary,no,no,no,16,nonexistent,no
47,services,married,primary,no,yes,no,2,nonexistent,no
35,admin.,married,college,unknown,no,no,1,nonexistent,no
41,blue-collar,divorced,basic,no,yes,yes,1,nonexistent,no
35,blue-collar,married,basic,no,yes,no,2,nonexistent,no
32,services,single,basic,no,no,no,1,nonexistent,no
43,management,married,secondary,no,no,no,3,nonexistent,no
42,admin.,married,college,no,no,no,2,nonexistent,no
26,technician,married,secondary,no,yes,no,2,nonexistent,no
30,technician,single,secondary,no,no,no,1,nonexistent,no
28,admin.,married,primary,no,yes,no,10,nonexistent,no
37,technician,single,primary,no,no,no,3,nonexistent,no
53,self-employed,married,college,no,yes,no,4,nonexistent,no
28,services,married,primary,no,yes,no,6,nonexistent,no
53,technician,married,secondary,no,yes,no,1,nonexistent,no
32,blue-collar,married,secondary,no,no,no,2,nonexistent,no
29,unemployed,single,college,no,yes,no,2,nonexistent,no
36,admin.,married,primary,no,yes,no,7,nonexistent,no
28,admin.,single,college,no,yes,no,1,nonexistent,no
33,unemployed,married,primary,no,yes,yes,1,nonexistent,no
34,management,married,college,unknown,no,no,3,nonexistent,no
29,admin.,single,college,no,yes,no,1,nonexistent,no
53,self-employed,married,basic,no,yes,no,4,nonexistent,no
37,technician,single,college,no,no,no,3,nonexistent,no
29,admin.,single,college,no,yes,no,7,nonexistent,no
51,management,married,basic,no,no,no,2,nonexistent,no
30,admin.,single,college,no,yes,no,2,nonexistent,yes
41,management,married,unknown,no,yes,no,2,nonexistent,no
47,technician,married,secondary,no,yes,no,1,nonexistent,no
56,technician,married,secondary,no,no,no,2,nonexistent,no
25,services,single,primary,no,no,no,1,nonexistent,no
41,blue-collar,single,basic,no,no,no,1,nonexistent,no
34,blue-collar,married,basic,no,no,no,1,failure,no
31,management,single,primary,no,no,no,1,nonexistent,no
39,technician,divorced,secondary,no,yes,yes,2,nonexistent,no
32,admin.,married,primary,no,yes,no,1,nonexistent,yes
52,admin.,married,primary,no,yes,yes,2,failure,no
55,technician,married,secondary,no,no,no,1,failure,no
35,admin.,single,college,no,no,no,2,nonexistent,no
29,blue-collar,married,primary,no,no,no,13,nonexistent,no
34,admin.,single,primary,no,yes,no,2,failure,no
31,blue-collar,married,secondary,no,yes,no,2,nonexistent,yes
46,technician,divorced,college,no,yes,no,5,failure,yes
37,blue-collar,married,primary,no,yes,no,3,nonexistent,no
48,admin.,divorced,primary,no,no,no,1,nonexistent,no
51,entrepreneur,married,secondary,unknown,no,no,1,failure,no
38,blue-collar,single,primary,no,yes,yes,1,nonexistent,no
36,technician,married,college,no,yes,no,2,nonexistent,no
55,blue-collar,divorced,basic,no,no,no,1,nonexistent,no
59,self-employed,married,college,no,yes,no,1,failure,no
31,admin.,married,secondary,no,no,yes,2,failure,yes
34,admin.,married,primary,no,yes,yes,1,nonexistent,no
34,self-employed,married,college,no,unknown,unknown,3,failure,no
32,technician,single,college,no,no,no,2,nonexistent,no
52,retired,married,basic,no,no,no,1,nonexistent,yes
36,blue-collar,single,basic,no,no,no,1,nonexistent,yes
32,blue-collar,married,primary,no,no,yes,1,nonexistent,no
57,admin.,divorced,primary,no,no,no,1,success,yes
36,technician,single,secondary,no,no,no,1,nonexistent,no
33,management,single,college,no,yes,no,3,nonexistent,no
30,admin.,divorced,primary,no,no,no,2,nonexistent,no
47,admin.,married,college,no,no,no,3,nonexistent,no
24,student,single,primary,no,no,no,1,nonexistent,no
30,management,married,college,no,yes,yes,4,nonexistent,no
48,blue-collar,married,primary,no,yes,no,2,nonexistent,no
29,self-employed,married,college,no,no,no,1,nonexistent,no
47,technician,married,basic,no,no,no,1,nonexistent,no
33,technician,single,secondary,no,yes,no,4,nonexistent,no
43,management,married,primary,no,yes,yes,3,nonexistent,no
37,admin.,single,college,no,yes,no,1,nonexistent,yes
34,technician,single,primary,no,no,no,1,nonexistent,no
31,technician,married,secondary,no,yes,no,2,nonexistent,no
29,blue-collar,married,primary,no,yes,no,3,nonexistent,no
51,services,married,primary,unknown,yes,no,1,nonexistent,no
51,technician,married,basic,no,yes,no,2,nonexistent,no
41,technician,married,secondary,no,no,no,1,nonexistent,no
32,housemaid,single,primary,no,no,no,2,nonexistent,no
28,services,single,college,no,no,no,2,nonexistent,no
30,admin.,single,college,no,yes,no,8,nonexistent,yes
49,admin.,single,basic,no,yes,yes,2,nonexistent,no
55,admin.,married,primary,no,no,no,1,nonexistent,no
40,technician,married,basic,unknown,no,no,3,nonexistent,no
34,admin.,single,primary,no,yes,yes,1,nonexistent,no
55,technician,married,basic,no,yes,no,2,nonexistent,no
50,admin.,married,college,no,yes,no,1,success,yes
30,technician,married,primary,no,no,no,1,nonexistent,no
32,services,married,primary,no,yes,no,12,nonexistent,no
37,housemaid,married,college,no,yes,no,2,nonexistent,no
58,blue-collar,married,basic,unknown,yes,no,4,nonexistent,no
32,technician,single,secondary,no,yes,no,1,nonexistent,no
42,blue-collar,married,secondary,no,yes,no,2,nonexistent,no
30,admin.,married,college,no,no,no,1,nonexistent,no
43,management,married,college,no,no,no,1,nonexistent,no
26,admin.,single,college,no,no,no,2,failure,no
30,technician,single,college,no,yes,no,2,nonexistent,yes
32,technician,married,college,no,no,yes,1,nonexistent,no
49,technician,married,college,no,no,no,3,nonexistent,no
33,blue-collar,married,basic,no,yes,no,1,failure,no
58,self-employed,married,college,no,no,no,1,nonexistent,no
53,admin.,single,basic,no,yes,no,1,nonexistent,no
59,housemaid,married,basic,unknown,no,yes,1,nonexistent,no
40,admin.,married,college,unknown,no,yes,1,nonexistent,no
51,technician,divorced,primary,no,yes,no,1,nonexistent,no
62,retired,single,college,no,yes,yes,1,nonexistent,no
36,admin.,single,primary,no,yes,no,1,success,yes
56,unemployed,married,basic,no,yes,yes,2,nonexistent,no
39,admin.,married,primary,no,yes,no,1,nonexistent,no
41,admin.,divorced,primary,no,no,no,3,nonexistent,no
40,admin.,divorced,secondary,no,yes,yes,4,nonexistent,no
58,retired,married,basic,unknown,yes,no,1,nonexistent,no
28,blue-collar,married,basic,no,no,yes,1,nonexistent,no
56,management,divorced,college,no,no,no,3,nonexistent,no
56,unemployed,divorced,primary,unknown,yes,no,1,failure,no
40,technician,married,primary,no,yes,no,1,nonexistent,no
49,management,married,college,no,no,no,4,nonexistent,no
29,student,single,secondary,no,no,no,2,nonexistent,no
31,admin.,single,college,no,no,yes,1,nonexistent,no
34,admin.,divorced,college,no,yes,no,4,nonexistent,no
30,admin.,single,college,no,yes,no,12,nonexistent,no
57,retired,married,secondary,no,yes,no,6,nonexistent,no
29,admin.,married,college,no,yes,no,2,nonexistent,no
48,blue-collar,married,basic,no,yes,no,1,success,yes
30,blue-collar,married,basic,no,yes,yes,1,nonexistent,no
31,admin.,single,primary,no,no,no,2,nonexistent,no
28,services,single,unknown,no,yes,no,9,failure,no
53,services,married,unknown,no,yes,no,3,nonexistent,yes
31,unemployed,married,college,no,no,no,3,nonexistent,no
32,services,single,basic,no,unknown,unknown,3,nonexistent,no
43,unemployed,married,basic,no,yes,no,2,nonexistent,no
41,blue-collar,married,unknown,unknown,no,no,1,failure,no
27,admin.,single,primary,unknown,no,no,2,nonexistent,yes
34,admin.,single,primary,no,no,no,1,nonexistent,no
39,services,single,secondary,unknown,yes,no,1,failure,no
36,blue-collar,married,basic,unknown,no,no,1,nonexistent,no
57,housemaid,married,college,no,no,no,1,nonexistent,no
59,technician,married,basic,unknown,no,no,16,nonexistent,no
49,housemaid,married,secondary,no,no,no,1,nonexistent,no
45,blue-collar,married,basic,unknown,yes,yes,1,nonexistent,no
29,admin.,single,college,no,no,no,2,nonexistent,no
29,technician,single,secondary,unknown,yes,no,1,nonexistent,no
40,admin.,divorced,primary,no,yes,no,1,nonexistent,no
54,admin.,married,secondary,no,yes,no,4,nonexistent,no
41,blue-collar,divorced,basic,no,yes,no,1,nonexistent,no
26,admin.,married,primary,no,no,yes,1,failure,no
52,technician,married,secondary,no,yes,yes,3,nonexistent,no
42,services,married,college,no,unknown,unknown,1,failure,no
28,management,married,college,no,no,no,2,nonexistent,yes
34,services,married,primary,no,yes,no,6,nonexistent,no
55,blue-collar,divorced,basic,unknown,yes,yes,1,failure,no
25,admin.,single,college,no,no,no,3,nonexistent,no
35,admin.,married,primary,unknown,yes,no,1,nonexistent,no
25,student,single,primary,no,yes,no,1,failure,no
32,student,single,primary,unknown,yes,no,1,nonexistent,no
37,blue-collar,married,basic,unknown,no,no,1,nonexistent,no
26,technician,single,secondary,no,yes,no,1,nonexistent,no
35,self-employed,married,basic,unknown,no,no,1,nonexistent,no
32,student,single,college,no,yes,no,12,nonexistent,no
38,blue-collar,married,basic,no,no,no,3,nonexistent,yes
30,student,single,primary,no,no,no,3,failure,yes
41,blue-collar,married,basic,no,yes,yes,1,nonexistent,no
30,admin.,married,college,no,no,no,1,nonexistent,no
44,services,single,primary,no,no,no,1,nonexistent,no
26,blue-collar,single,basic,no,no,no,2,nonexistent,no
45,services,married,basic,no,unknown,unknown,10,nonexistent,no
36,admin.,single,college,no,no,no,1,failure,no
46,admin.,single,college,no,no,yes,1,nonexistent,no
35,self-employed,married,college,no,yes,no,3,nonexistent,no
24,admin.,single,primary,no,yes,no,4,nonexistent,no
50,technician,married,college,no,yes,no,5,nonexistent,no
57,blue-collar,married,basic,unknown,yes,no,3,nonexistent,no
42,blue-collar,married,basic,no,no,no,4,nonexistent,no
41,admin.,single,unknown,no,yes,yes,3,nonexistent,yes
25,blue-collar,married,basic,no,no,no,2,nonexistent,no
33,self-employed,married,college,no,no,no,5,nonexistent,no
42,technician,single,unknown,no,no,no,4,nonexistent,no
26,blue-collar,married,basic,no,no,no,2,failure,no
43,admin.,married,primary,unknown,no,no,2,nonexistent,no
34,blue-collar,married,basic,no,yes,no,1,failure,no
33,self-employed,single,college,no,no,no,1,nonexistent,no
34,blue-collar,married,basic,no,no,no,1,nonexistent,no
35,technician,single,college,no,yes,no,2,nonexistent,no
39,blue-collar,single,basic,no,no,no,1,nonexistent,no
30,technician,single,secondary,no,yes,no,2,nonexistent,no
32,management,married,primary,no,no,no,1,nonexistent,no
52,unemployed,married,college,no,no,no,1,failure,no
44,blue-collar,single,secondary,no,no,no,2,nonexistent,no
29,admin.,single,basic,unknown,yes,no,1,nonexistent,no
31,admin.,single,college,no,yes,yes,3,nonexistent,no
42,technician,married,college,unknown,no,no,1,nonexistent,no
37,admin.,married,primary,no,no,no,3,nonexistent,no
33,admin.,married,college,no,yes,no,3,nonexistent,no
54,retired,married,basic,no,yes,no,1,nonexistent,no
48,admin.,married,basic,unknown,no,no,3,nonexistent,no
59,retired,married,secondary,no,yes,no,8,nonexistent,no
47,admin.,divorced,primary,no,yes,no,1,failure,no
24,technician,single,college,no,no,no,1,nonexistent,no
44,management,married,college,no,no,no,2,nonexistent,no
33,self-employed,divorced,basic,no,yes,no,1,nonexistent,no
53,management,married,college,unknown,yes,no,1,nonexistent,no
36,technician,single,secondary,no,no,no,4,nonexistent,no
48,blue-collar,married,basic,no,yes,no,2,nonexistent,no
50,self-employed,married,basic,unknown,yes,no,1,nonexistent,no
34,admin.,single,college,unknown,no,no,16,nonexistent,no
41,technician,married,secondary,no,unknown,unknown,1,success,yes
38,blue-collar,married,basic,no,unknown,unknown,4,nonexistent,no
52,retired,divorced,secondary,no,no,no,2,nonexistent,no
31,admin.,married,primary,no,no,no,2,failure,no
32,admin.,married,primary,no,yes,no,1,nonexistent,no
32,entrepreneur,married,primary,no,yes,no,1,nonexistent,no
58,blue-collar,married,basic,unknown,yes,no,2,nonexistent,yes
47,admin.,married,basic,unknown,yes,no,2,failure,no
39,admin.,married,primary,no,no,no,1,nonexistent,no
38,technician,married,secondary,no,yes,yes,2,nonexistent,yes
51,admin.,married,college,no,no,no,3,nonexistent,no
44,admin.,married,basic,unknown,yes,no,1,nonexistent,no
49,blue-collar,married,unknown,no,no,no,1,nonexistent,no
35,blue-collar,married,basic,unknown,no,no,2,nonexistent,no
30,services,single,primary,no,no,no,2,nonexistent,no
37,technician,single,secondary,no,yes,no,1,failure,no
41,technician,single,secondary,no,yes,no,2,failure,no
31,technician,married,secondary,no,no,no,2,nonexistent,no
30,admin.,married,college,no,no,no,7,nonexistent,no
43,technician,married,secondary,no,yes,no,3,failure,no
31,blue-collar,married,secondary,no,no,no,8,nonexistent,no
41,technician,married,primary,no,yes,no,24,nonexistent,no
40,blue-collar,single,secondary,no,yes,no,1,nonexistent,no
30,services,married,primary,no,no,no,2,nonexistent,no
37,admin.,married,primary,no,no,no,2,nonexistent,no
60,blue-collar,divorced,basic,unknown,no,no,3,nonexistent,no
26,blue-collar,single,basic,no,yes,no,2,nonexistent,no
46,admin.,married,primary,no,no,no,2,failure,no
59,admin.,married,college,no,no,no,1,nonexistent,yes
40,technician,divorced,secondary,no,no,no,4,nonexistent,no
35,management,married,college,no,yes,no,1,nonexistent,no
53,entrepreneur,married,basic,no,yes,yes,2,nonexistent,yes
56,unemployed,divorced,primary,no,yes,no,1,nonexistent,no
48,blue-collar,married,primary,no,yes,no,6,nonexistent,no
48,management,married,college,no,yes,no,1,failure,yes
62,admin.,married,primary,no,no,no,2,nonexistent,yes
24,services,single,primary,no,no,no,3,nonexistent,yes
57,technician,divorced,college,no,no,yes,1,nonexistent,no
31,admin.,single,primary,no,no,no,1,nonexistent,no
35,admin.,single,basic,unknown,no,no,3,nonexistent,no
30,admin.,single,college,no,yes,no,1,failure,no
30,blue-collar,married,basic,no,yes,no,2,nonexistent,no
31,entrepreneur,single,college,no,no,no,3,nonexistent,no
57,admin.,divorced,college,no,no,no,1,nonexistent,no
53,services,married,primary,no,no,no,1,nonexistent,no
41,admin.,married,basic,no,no,no,2,failure,yes
34,services,unknown,primary,no,yes,yes,2,failure,no
31,services,single,primary,no,no,no,35,nonexistent,no
40,blue-collar,single,basic,no,yes,no,3,nonexistent,no
52,self-employed,single,basic,unknown,yes,no,1,nonexistent,no
34,admin.,single,college,no,no,yes,3,nonexistent,no
43,services,married,primary,no,no,yes,1,nonexistent,no
34,blue-collar,single,unknown,no,no,no,2,nonexistent,no
25,admin.,single,primary,no,yes,no,3,nonexistent,no
31,technician,single,college,no,no,no,1,failure,no
48,admin.,single,college,no,yes,no,2,nonexistent,no
32,admin.,single,college,no,no,no,1,nonexistent,yes
30,self-employed,married,college,no,yes,no,2,nonexistent,no
52,retired,divorced,basic,unknown,yes,yes,2,nonexistent,no
34,services,divorced,primary,no,no,no,1,nonexistent,no
37,technician,married,secondary,no,no,no,1,nonexistent,no
47,technician,divorced,primary,no,yes,no,5,nonexistent,no
33,admin.,married,college,no,yes,no,1,failure,yes
36,technician,married,secondary,no,no,no,9,nonexistent,no
44,management,divorced,basic,unknown,yes,no,2,nonexistent,no
44,blue-collar,married,primary,unknown,yes,no,3,nonexistent,no
29,management,single,college,no,yes,no,2,failure,no
33,services,single,college,no,yes,no,2,success,yes
57,housemaid,married,basic,no,yes,no,3,nonexistent,no
35,blue-collar,married,basic,no,no,no,3,nonexistent,no
49,management,married,college,no,no,no,1,failure,no
53,admin.,single,unknown,unknown,no,no,1,nonexistent,no
56,blue-collar,divorced,basic,no,yes,yes,3,nonexistent,no
32,admin.,single,college,no,no,no,2,nonexistent,no
35,admin.,single,college,no,yes,no,1,nonexistent,no
54,technician,married,secondary,no,yes,no,3,nonexistent,no
60,admin.,married,college,no,no,no,1,nonexistent,no
34,blue-collar,married,basic,no,no,no,1,failure,no
37,blue-collar,married,basic,no,yes,no,3,nonexistent,no
30,admin.,married,primary,no,unknown,unknown,1,failure,no
31,technician,married,basic,no,yes,no,8,failure,no
48,admin.,married,college,no,no,no,2,nonexistent,no
37,admin.,divorced,college,unknown,yes,no,1,nonexistent,no
37,blue-collar,married,primary,unknown,no,no,14,nonexistent,no
38,technician,single,primary,no,no,no,1,nonexistent,no
32,technician,single,secondary,no,yes,yes,1,nonexistent,no
39,services,single,college,unknown,yes,no,3,nonexistent,no
36,management,married,college,unknown,yes,yes,4,nonexistent,no
40,services,divorced,primary,no,no,no,2,nonexistent,no
47,blue-collar,married,basic,no,yes,yes,1,nonexistent,no
27,admin.,single,primary,no,yes,no,1,nonexistent,no
49,admin.,married,basic,no,yes,no,3,nonexistent,no
43,blue-collar,married,basic,unknown,yes,no,1,nonexistent,no
46,technician,divorced,secondary,no,yes,no,5,nonexistent,no
38,blue-collar,married,basic,no,yes,no,2,nonexistent,no
35,services,married,basic,no,no,yes,1,nonexistent,no
39,management,divorced,college,no,yes,no,6,failure,no
32,admin.,single,secondary,no,no,yes,4,nonexistent,no
31,technician,married,college,no,no,yes,2,nonexistent,no
41,services,married,primary,unknown,yes,yes,1,nonexistent,no
28,self-employed,single,college,no,no,no,2,nonexistent,no
62,management,divorced,primary,no,no,no,1,nonexistent,yes
28,admin.,divorced,college,no,yes,no,1,nonexistent,yes
29,blue-collar,single,basic,no,no,no,2,nonexistent,no
33,technician,married,secondary,no,yes,no,3,nonexistent,no
32,blue-collar,married,basic,no,no,yes,2,nonexistent,no
31,admin.,married,primary,no,no,no,3,nonexistent,no
27,housemaid,married,primary,no,yes,no,2,nonexistent,no
38,services,married,primary,no,no,no,2,nonexistent,no
28,admin.,married,primary,no,yes,no,5,nonexistent,yes
56,management,married,basic,no,yes,yes,2,failure,no
56,housemaid,divorced,basic,no,yes,no,1,failure,no
39,technician,single,secondary,no,no,no,2,nonexistent,yes
33,unemployed,married,basic,no,yes,no,1,nonexistent,no
43,blue-collar,married,basic,unknown,unknown,unknown,1,nonexistent,no
34,blue-collar,single,basic,unknown,no,no,1,nonexistent,no
50,services,married,primary,no,yes,no,1,nonexistent,no
31,admin.,married,college,no,yes,no,6,nonexistent,no
59,blue-collar,married,basic,unknown,no,no,1,failure,yes
29,technician,married,college,no,no,yes,1,nonexistent,no
33,blue-collar,married,primary,no,no,no,1,nonexistent,no
43,management,married,unknown,unknown,no,no,1,nonexistent,no
34,blue-collar,married,college,no,no,yes,4,nonexistent,no
31,admin.,married,college,no,yes,no,2,nonexistent,no
35,technician,married,primary,no,unknown,unknown,1,nonexistent,no
44,management,married,basic,no,yes,no,1,nonexistent,no
33,entrepreneur,married,college,no,yes,no,2,nonexistent,no
52,admin.,divorced,primary,no,yes,no,2,nonexistent,no
28,services,divorced,primary,unknown,no,yes,2,nonexistent,yes
36,admin.,married,primary,unknown,no,no,1,nonexistent,no
45,unknown,single,primary,no,yes,no,3,nonexistent,no
29,blue-collar,married,basic,no,no,no,7,nonexistent,no
49,admin.,married,primary,unknown,no,no,1,nonexistent,no
34,unemployed,single,college,no,no,no,4,nonexistent,no
43,technician,married,basic,unknown,yes,yes,2,nonexistent,no
45,blue-collar,married,basic,no,no,no,5,nonexistent,no
36,management,married,college,no,no,no,2,nonexistent,no
44,blue-collar,married,basic,no,no,no,1,nonexistent,no
48,admin.,divorced,college,no,no,no,3,nonexistent,yes
30,technician,single,secondary,no,yes,no,1,nonexistent,no
62,technician,married,unknown,no,yes,no,1,success,no
37,blue-collar,married,secondary,no,yes,no,3,nonexistent,no
46,services,married,primary,no,no,no,1,nonexistent,no
37,management,married,college,no,no,no,1,nonexistent,no
46,entrepreneur,married,primary,no,yes,no,5,nonexistent,no
51,entrepreneur,divorced,college,unknown,no,yes,2,nonexistent,no
51,blue-collar,married,basic,unknown,unknown,unknown,2,nonexistent,no
35,admin.,single,primary,no,yes,no,5,nonexistent,no
35,services,single,secondary,unknown,yes,no,2,nonexistent,no
32,admin.,married,primary,unknown,yes,no,9,nonexistent,no
44,management,divorced,college,no,yes,no,8,nonexistent,no
37,unemployed,single,secondary,no,no,no,2,nonexistent,no
35,admin.,married,primary,unknown,no,no,1,nonexistent,no
33,technician,single,secondary,no,no,no,2,nonexistent,no
57,admin.,married,secondary,no,unknown,unknown,6,nonexistent,no
30,entrepreneur,married,secondary,no,yes,yes,2,nonexistent,no
45,blue-collar,divorced,basic,no,yes,no,1,nonexistent,no
53,management,married,college,no,yes,no,2,nonexistent,no
29,management,single,college,no,no,yes,1,nonexistent,no
34,services,married,primary,unknown,no,no,2,nonexistent,no
35,blue-collar,single,basic,unknown,yes,no,2,failure,no
25,blue-collar,single,basic,no,no,no,2,failure,no
30,self-employed,single,college,no,yes,yes,3,nonexistent,no
30,blue-collar,single,basic,no,yes,no,3,nonexistent,no
58,retired,married,basic,no,no,no,1,nonexistent,no
34,blue-collar,married,basic,unknown,no,no,1,failure,no
33,admin.,single,college,no,no,no,1,nonexistent,no
45,management,married,basic,no,yes,no,4,nonexistent,no
28,services,married,primary,no,no,yes,3,nonexistent,no
31,admin.,married,college,no,yes,no,1,nonexistent,no
24,services,single,basic,no,yes,yes,4,failure,no
58,management,married,college,no,no,no,1,success,yes
39,admin.,married,college,no,no,no,2,nonexistent,no
39,entrepreneur,married,primary,no,no,no,3,nonexistent,no
32,admin.,married,college,no,yes,no,3,nonexistent,no
36,blue-collar,married,basic,no,yes,yes,1,nonexistent,no
34,admin.,single,primary,no,no,no,3,nonexistent,no
35,unemployed,married,college,no,no,no,2,nonexistent,no
48,technician,married,secondary,no,no,yes,2,nonexistent,no
76,retired,married,college,no,yes,no,1,failure,no
55,admin.,married,basic,unknown,no,yes,2,nonexistent,no
26,admin.,single,primary,no,yes,no,2,nonexistent,no
55,blue-collar,married,basic,unknown,yes,yes,2,nonexistent,no
36,blue-collar,married,basic,no,no,no,3,nonexistent,no
56,services,divorced,primary,unknown,yes,no,1,nonexistent,no
32,technician,divorced,secondary,no,no,yes,1,nonexistent,no
58,management,married,college,no,yes,yes,1,nonexistent,no
48,entrepreneur,married,basic,no,yes,no,2,nonexistent,no
31,services,single,primary,no,no,yes,2,failure,no
35,self-employed,single,primary,no,yes,no,1,nonexistent,no
41,blue-collar,married,basic,no,no,no,1,failure,no
36,admin.,divorced,primary,no,yes,no,3,nonexistent,no
27,blue-collar,single,basic,no,no,no,2,failure,no
32,technician,married,secondary,no,yes,no,1,nonexistent,no
30,services,married,primary,no,yes,yes,2,nonexistent,no
39,blue-collar,married,basic,unknown,no,no,2,nonexistent,no
39,entrepreneur,divorced,college,no,yes,no,2,nonexistent,no
46,services,divorced,basic,no,no,no,7,nonexistent,no
26,services,single,primary,no,no,no,1,nonexistent,no
53,technician,married,secondary,unknown,yes,yes,2,nonexistent,no
31,unemployed,single,secondary,no,no,no,12,nonexistent,no
32,admin.,single,college,no,yes,no,1,nonexistent,no
37,blue-collar,single,secondary,no,no,no,11,nonexistent,no
32,entrepreneur,married,basic,no,no,no,4,nonexistent,no
43,blue-collar,single,basic,no,yes,yes,4,nonexistent,yes
33,admin.,married,college,no,yes,no,3,nonexistent,no
29,technician,single,secondary,no,yes,yes,2,nonexistent,no
32,entrepreneur,divorced,college,no,yes,yes,4,nonexistent,no
29,technician,married,secondary,no,no,no,2,nonexistent,no
48,services,divorced,primary,unknown,yes,yes,2,nonexistent,no
31,admin.,married,college,no,no,yes,11,nonexistent,no
78,retired,married,basic,no,yes,no,1,nonexistent,no
43,blue-collar,single,primary,no,no,yes,1,nonexistent,no
58,entrepreneur,married,college,unknown,no,no,1,nonexistent,no
42,admin.,married,college,no,yes,no,1,nonexistent,no
45,services,married,secondary,no,yes,no,23,nonexistent,no
43,blue-collar,married,basic,unknown,yes,no,3,failure,no
40,technician,married,secondary,no,no,no,2,nonexistent,no
41,management,married,college,unknown,yes,no,1,nonexistent,no
41,self-employed,married,college,no,yes,no,1,nonexistent,no
45,services,married,secondary,no,yes,no,1,nonexistent,no
29,services,divorced,primary,no,no,yes,11,nonexistent,no
33,technician,single,college,no,yes,no,2,nonexistent,no
27,unemployed,single,college,no,no,no,1,nonexistent,no
36,blue-collar,married,basic,unknown,yes,no,3,nonexistent,no
41,services,single,unknown,no,yes,no,3,nonexistent,no
42,management,married,college,no,no,no,1,nonexistent,no
31,admin.,single,college,no,yes,no,2,nonexistent,no
32,technician,married,secondary,no,no,no,4,nonexistent,no
41,admin.,married,college,no,yes,yes,2,nonexistent,no
50,unemployed,married,secondary,no,no,no,3,nonexistent,no
30,blue-collar,married,secondary,no,no,no,4,failure,yes
39,housemaid,married,basic,no,yes,yes,2,nonexistent,no
48,blue-collar,married,basic,no,yes,no,5,nonexistent,no
47,admin.,divorced,primary,no,no,no,6,nonexistent,no
69,retired,married,basic,no,no,no,3,success,no
41,blue-collar,married,basic,no,yes,yes,4,nonexistent,no
59,blue-collar,married,basic,unknown,no,no,4,nonexistent,no
36,admin.,married,primary,no,yes,yes,1,nonexistent,no
44,blue-collar,married,basic,unknown,no,no,1,nonexistent,no
32,admin.,married,primary,no,yes,no,2,nonexistent,no
69,retired,divorced,college,no,yes,no,2,nonexistent,yes
40,services,married,primary,unknown,yes,no,4,nonexistent,no
42,services,married,basic,no,yes,no,1,failure,no
53,entrepreneur,divorced,college,no,yes,no,5,nonexistent,no
51,housemaid,married,basic,unknown,yes,no,2,nonexistent,no
58,admin.,married,college,no,no,no,4,success,yes
54,housemaid,divorced,basic,no,no,no,1,nonexistent,no
36,blue-collar,married,basic,no,yes,no,1,nonexistent,no
55,admin.,married,college,no,no,no,14,nonexistent,no
41,blue-collar,divorced,basic,no,no,no,1,nonexistent,no
40,self-employed,married,college,no,no,no,2,nonexistent,no
58,housemaid,married,basic,no,no,no,3,nonexistent,no
34,technician,married,secondary,no,no,no,2,nonexistent,no
37,services,divorced,primary,unknown,yes,yes,1,failure,no
35,admin.,married,primary,no,no,no,2,nonexistent,no
25,technician,single,secondary,no,yes,no,2,success,yes
31,self-employed,divorced,college,no,unknown,unknown,1,nonexistent,no
26,unemployed,single,college,no,yes,no,1,success,yes
56,admin.,married,primary,no,no,no,1,nonexistent,no
57,blue-collar,married,basic,unknown,yes,no,1,nonexistent,no
38,blue-collar,married,primary,no,no,no,2,nonexistent,no
32,blue-collar,married,basic,no,no,no,2,nonexistent,no
40,technician,married,primary,no,yes,no,1,nonexistent,no
43,admin.,single,primary,no,no,no,1,failure,yes
47,admin.,married,college,unknown,no,no,1,nonexistent,no
41,technician,married,basic,no,no,no,2,nonexistent,no
42,management,married,college,no,yes,yes,1,nonexistent,no
54,housemaid,divorced,college,no,yes,yes,1,nonexistent,yes
30,technician,single,college,no,no,yes,1,nonexistent,no
43,technician,married,secondary,no,no,no,2,nonexistent,no
55,admin.,married,college,no,yes,no,7,nonexistent,no
47,management,married,basic,no,no,no,1,nonexistent,no
43,housemaid,married,basic,no,yes,no,1,nonexistent,no
33,self-employed,single,college,no,unknown,unknown,3,nonexistent,no
33,technician,single,secondary,no,yes,no,2,failure,yes
42,technician,married,secondary,no,yes,no,1,nonexistent,no
41,technician,single,college,no,yes,yes,1,nonexistent,no
54,admin.,married,primary,unknown,yes,no,12,nonexistent,no
38,technician,single,college,no,yes,no,12,nonexistent,no
25,student,single,unknown,no,no,no,3,nonexistent,yes
30,technician,married,college,no,yes,no,2,nonexistent,yes
34,admin.,married,college,unknown,no,no,1,nonexistent,no
43,management,married,college,no,no,no,2,nonexistent,no
45,blue-collar,married,basic,unknown,yes,no,2,nonexistent,no
41,blue-collar,married,basic,no,yes,yes,1,nonexistent,no
49,admin.,married,primary,unknown,yes,no,1,nonexistent,no
50,management,married,primary,unknown,no,yes,3,nonexistent,no
55,blue-collar,married,basic,unknown,no,no,4,nonexistent,no
46,blue-collar,married,basic,unknown,yes,no,2,nonexistent,no
24,student,single,primary,no,yes,no,1,nonexistent,no
32,blue-collar,single,basic,no,yes,no,12,nonexistent,no
29,entrepreneur,married,primary,no,yes,no,2,nonexistent,no
29,services,single,primary,no,no,no,1,nonexistent,no
47,blue-collar,married,basic,no,yes,no,4,nonexistent,no
47,management,married,college,no,yes,no,8,nonexistent,no
56,entrepreneur,married,college,no,yes,no,1,nonexistent,no
36,management,married,college,no,no,no,1,nonexistent,no
45,technician,married,primary,no,yes,no,5,nonexistent,no
37,blue-collar,married,basic,no,no,no,2,nonexistent,no
45,management,married,unknown,no,yes,no,3,success,yes
36,blue-collar,single,basic,unknown,no,no,2,nonexistent,no
37,technician,single,primary,no,yes,no,1,nonexistent,no
53,admin.,married,primary,no,yes,no,1,nonexistent,no
31,services,married,primary,no,no,no,6,nonexistent,no
43,admin.,married,college,unknown,yes,no,1,nonexistent,yes
33,unemployed,married,primary,no,yes,no,1,failure,no
39,management,married,unknown,no,no,no,1,nonexistent,no
34,technician,divorced,secondary,no,yes,no,2,nonexistent,yes
37,technician,single,college,no,yes,no,1,failure,no
48,management,married,college,no,no,no,2,nonexistent,no
46,admin.,single,primary,no,no,no,3,nonexistent,no
57,admin.,divorced,primary,no,no,no,1,nonexistent,no
35,technician,divorced,secondary,no,yes,no,2,nonexistent,no
44,admin.,single,college,no,yes,no,7,nonexistent,no
33,admin.,single,college,no,no,no,4,nonexistent,no
54,blue-collar,married,basic,no,yes,yes,1,nonexistent,no
32,technician,married,primary,no,yes,no,3,nonexistent,no
30,admin.,married,college,no,yes,yes,4,nonexistent,yes
40,entrepreneur,married,basic,no,yes,yes,3,nonexistent,no
39,blue-collar,married,basic,no,yes,no,2,nonexistent,no
51,housemaid,married,basic,unknown,no,no,1,nonexistent,no
49,unemployed,married,primary,unknown,no,no,2,nonexistent,no
47,admin.,married,college,no,yes,no,3,nonexistent,no
32,admin.,divorced,college,no,no,no,2,nonexistent,no
27,admin.,single,primary,no,yes,yes,4,nonexistent,no
48,blue-collar,married,basic,no,no,yes,1,nonexistent,no
50,management,married,college,no,yes,yes,1,nonexistent,no
30,blue-collar,single,college,no,no,no,4,nonexistent,no
55,retired,married,basic,unknown,yes,yes,2,nonexistent,no
49,technician,married,secondary,unknown,yes,no,12,nonexistent,no
41,blue-collar,divorced,basic,no,yes,no,2,nonexistent,no
44,blue-collar,married,basic,no,no,yes,2,nonexistent,no
35,technician,married,secondary,no,no,no,3,nonexistent,no
44,admin.,married,college,no,no,no,1,nonexistent,no
27,technician,single,basic,no,yes,no,1,nonexistent,no
35,self-employed,married,college,no,yes,no,1,nonexistent,yes
39,entrepreneur,single,college,no,yes,no,9,nonexistent,no
26,admin.,single,primary,no,no,no,3,nonexistent,no
40,self-employed,married,primary,no,no,no,1,nonexistent,no
30,self-employed,married,secondary,no,yes,no,5,nonexistent,no
32,technician,married,secondary,no,yes,yes,4,nonexistent,no
45,housemaid,divorced,college,no,no,no,6,nonexistent,no
33,technician,single,primary,no,yes,no,1,nonexistent,no
38,blue-collar,single,primary,no,no,no,3,success,yes
60,management,married,college,no,yes,no,2,nonexistent,no
28,admin.,single,college,no,yes,no,3,nonexistent,no
33,student,single,unknown,no,yes,yes,1,nonexistent,no
30,student,single,unknown,no,yes,no,1,nonexistent,no
24,blue-collar,single,basic,no,no,no,1,nonexistent,no
44,technician,divorced,unknown,no,no,no,3,nonexistent,no
58,retired,married,basic,no,yes,no,2,nonexistent,no
44,admin.,married,primary,no,yes,no,1,nonexistent,no
47,admin.,single,college,no,no,no,1,nonexistent,no
44,blue-collar,married,primary,unknown,yes,no,1,failure,no
34,blue-collar,married,secondary,no,yes,no,2,nonexistent,no
38,technician,single,college,no,yes,yes,3,nonexistent,no
57,blue-collar,married,basic,no,no,no,9,nonexistent,no
41,technician,single,primary,no,yes,no,3,nonexistent,no
53,housemaid,married,basic,unknown,no,no,3,nonexistent,no
51,admin.,divorced,primary,no,yes,no,1,failure,no
45,services,married,secondary,no,yes,yes,1,nonexistent,no
45,blue-collar,married,basic,no,yes,no,1,nonexistent,no
25,student,single,primary,no,no,no,2,nonexistent,yes
31,blue-collar,single,basic,no,no,yes,2,nonexistent,no
57,management,divorced,college,no,no,no,1,nonexistent,no
40,technician,married,college,no,no,no,2,nonexistent,no
41,unemployed,married,basic,unknown,yes,no,1,failure,no
53,blue-collar,single,basic,no,unknown,unknown,1,success,yes
41,admin.,divorced,primary,no,no,no,4,nonexistent,no
32,admin.,single,college,no,yes,no,2,success,no
48,admin.,married,primary,no,no,no,1,nonexistent,no
43,admin.,married,primary,no,no,no,10,nonexistent,yes
23,services,single,primary,no,unknown,unknown,3,nonexistent,no
32,admin.,married,college,no,yes,no,1,failure,yes
40,services,married,basic,unknown,no,no,1,nonexistent,no
53,housemaid,married,basic,unknown,unknown,unknown,2,nonexistent,no
34,technician,divorced,secondary,no,no,no,1,nonexistent,no
29,services,single,basic,unknown,yes,no,2,nonexistent,no
46,management,married,college,no,no,no,1,nonexistent,no
32,admin.,single,college,no,unknown,unknown,1,nonexistent,no
33,admin.,single,college,no,yes,no,4,nonexistent,no
36,blue-collar,married,basic,unknown,yes,no,2,nonexistent,no
41,technician,married,college,no,yes,no,3,nonexistent,no
52,management,married,college,no,no,no,1,nonexistent,yes
42,admin.,married,primary,no,no,yes,6,nonexistent,no
38,services,married,basic,no,no,yes,1,nonexistent,no
32,technician,married,college,no,yes,no,1,nonexistent,no
31,technician,married,secondary,no,no,no,3,failure,no
30,technician,married,college,no,no,no,4,nonexistent,no
54,retired,divorced,basic,no,no,no,3,nonexistent,no
31,services,married,secondary,no,no,no,3,nonexistent,no
40,technician,single,college,no,no,no,3,nonexistent,no
43,technician,married,secondary,unknown,no,no,5,nonexistent,no
37,admin.,single,primary,no,yes,no,1,nonexistent,no
40,unemployed,married,secondary,no,no,yes,1,nonexistent,yes
52,self-employed,married,college,unknown,no,no,1,nonexistent,no
31,unemployed,married,primary,yes,no,no,2,failure,no
31,blue-collar,married,basic,no,no,no,2,nonexistent,no
35,services,married,primary,no,yes,no,4,nonexistent,no
38,technician,married,secondary,no,yes,no,2,success,yes
51,admin.,married,basic,unknown,no,no,1,nonexistent,no
33,admin.,single,college,unknown,yes,no,3,nonexistent,no
44,services,married,secondary,unknown,yes,no,2,failure,no
50,technician,married,secondary,unknown,yes,yes,7,nonexistent,yes
32,services,married,secondary,no,yes,no,1,nonexistent,no
33,blue-collar,married,basic,no,yes,no,2,nonexistent,no
47,admin.,single,unknown,unknown,yes,no,1,nonexistent,no
46,services,married,secondary,no,no,no,3,nonexistent,no
54,technician,married,basic,no,no,no,2,nonexistent,no
55,unknown,married,basic,no,yes,no,1,nonexistent,yes
33,blue-collar,single,basic,no,no,no,1,nonexistent,no
37,blue-collar,married,basic,unknown,yes,no,3,nonexistent,no
41,technician,divorced,college,no,yes,yes,2,nonexistent,no
27,blue-collar,married,basic,no,yes,no,5,nonexistent,no
39,housemaid,married,basic,no,yes,yes,2,nonexistent,no
46,technician,married,secondary,no,yes,no,1,failure,no
25,admin.,single,basic,no,no,no,29,nonexistent,no
37,blue-collar,married,secondary,no,yes,no,3,nonexistent,no
60,retired,married,basic,no,no,no,1,nonexistent,no
38,technician,married,secondary,no,no,no,1,nonexistent,no
26,admin.,single,college,no,no,no,1,success,yes
35,blue-collar,married,basic,no,no,yes,2,nonexistent,no
46,unemployed,divorced,basic,no,yes,no,2,nonexistent,no
40,technician,married,secondary,no,no,no,6,nonexistent,no
58,admin.,married,college,no,no,no,2,nonexistent,no
32,technician,married,college,no,no,no,1,nonexistent,no
46,technician,divorced,college,no,no,no,3,nonexistent,no
49,management,divorced,college,no,no,no,7,nonexistent,no
52,management,married,primary,no,no,no,1,nonexistent,yes
37,admin.,single,college,no,no,no,11,nonexistent,no
39,blue-collar,divorced,basic,unknown,yes,yes,1,nonexistent,no
45,blue-collar,divorced,basic,unknown,yes,no,1,nonexistent,no
34,entrepreneur,single,college,no,yes,no,1,nonexistent,no
39,services,married,basic,no,yes,no,3,nonexistent,no
31,admin.,single,college,no,yes,yes,2,nonexistent,no
49,blue-collar,married,basic,no,no,no,1,failure,no
26,admin.,married,primary,no,no,no,6,nonexistent,no
38,management,divorced,college,no,yes,no,9,nonexistent,no
42,blue-collar,married,basic,unknown,yes,no,1,nonexistent,no
46,services,married,primary,no,yes,no,3,nonexistent,no
32,admin.,single,college,no,yes,no,2,nonexistent,no
37,admin.,single,college,no,yes,no,7,nonexistent,no
38,self-employed,married,college,unknown,no,no,10,nonexistent,no
56,retired,married,secondary,no,yes,no,5,nonexistent,no
29,technician,single,college,no,no,yes,1,nonexistent,no
22,blue-collar,single,basic,unknown,unknown,unknown,1,nonexistent,no
34,admin.,divorced,college,no,yes,no,4,nonexistent,no
46,admin.,single,primary,no,no,no,2,failure,no
33,admin.,single,primary,no,yes,no,1,nonexistent,no
51,admin.,married,college,no,no,no,2,success,no
45,housemaid,single,basic,no,yes,no,1,nonexistent,no
42,management,married,primary,unknown,no,no,5,nonexistent,no
24,student,single,secondary,no,no,no,2,failure,no
48,technician,married,secondary,no,no,yes,5,nonexistent,no
42,blue-collar,married,basic,no,yes,yes,4,nonexistent,no
28,technician,single,primary,no,yes,no,6,nonexistent,no
30,technician,single,college,no,no,no,2,nonexistent,yes
55,technician,married,secondary,no,yes,no,1,nonexistent,no
28,technician,single,college,no,yes,no,3,nonexistent,yes
48,admin.,divorced,college,no,no,no,4,nonexistent,no
38,services,single,primary,no,no,no,2,nonexistent,yes
33,admin.,single,college,no,yes,yes,1,nonexistent,no
56,blue-collar,married,basic,unknown,yes,no,2,nonexistent,no
54,technician,married,secondary,no,no,no,1,nonexistent,no
43,blue-collar,married,basic,no,no,no,2,nonexistent,no
49,admin.,divorced,primary,no,no,no,1,nonexistent,no
32,admin.,married,basic,no,no,no,2,nonexistent,no
31,services,single,basic,no,unknown,unknown,1,failure,no
44,services,married,basic,no,yes,no,4,nonexistent,no
56,management,married,basic,unknown,yes,no,1,nonexistent,no
25,admin.,single,college,no,no,no,1,nonexistent,no
54,technician,married,college,no,yes,no,2,nonexistent,no
54,housemaid,married,secondary,no,yes,no,4,nonexistent,no
32,technician,married,secondary,no,no,no,2,failure,no
54,management,married,college,no,yes,no,3,nonexistent,no
48,self-employed,married,college,no,yes,no,2,failure,no
28,technician,married,college,no,yes,no,1,nonexistent,no
41,blue-collar,married,basic,no,no,no,1,nonexistent,no
27,student,single,primary,unknown,no,no,1,nonexistent,no
57,admin.,married,college,no,no,yes,3,nonexistent,no
64,retired,married,unknown,no,no,no,4,nonexistent,yes
26,blue-collar,single,primary,unknown,no,no,2,nonexistent,no
39,admin.,married,primary,no,no,no,2,nonexistent,no
46,blue-collar,married,basic,unknown,no,yes,1,nonexistent,no
59,admin.,married,primary,no,yes,no,2,success,yes
33,unemployed,married,primary,unknown,yes,no,9,nonexistent,no
59,blue-collar,married,basic,no,yes,no,1,nonexistent,no
46,entrepreneur,single,college,no,no,no,3,failure,no
47,blue-collar,married,basic,unknown,yes,no,4,failure,no
60,retired,divorced,primary,no,no,no,2,failure,no
43,services,divorced,primary,no,no,no,3,nonexistent,no
34,services,married,basic,unknown,yes,no,1,nonexistent,no
31,admin.,single,primary,no,no,no,4,nonexistent,no
58,retired,married,basic,no,yes,no,4,nonexistent,no
46,technician,married,basic,unknown,no,no,3,nonexistent,no
28,self-employed,single,college,no,yes,no,2,nonexistent,no
38,blue-collar,married,basic,no,no,yes,1,failure,no
36,admin.,married,college,no,no,no,1,success,yes
32,technician,married,secondary,no,no,no,2,nonexistent,no
34,blue-collar,single,basic,no,no,no,1,failure,no
39,management,single,basic,no,yes,no,1,nonexistent,no
37,technician,married,primary,unknown,yes,no,2,nonexistent,no
33,admin.,single,college,no,no,no,2,failure,yes
28,admin.,single,college,no,no,no,2,nonexistent,no
26,blue-collar,single,primary,no,no,yes,8,nonexistent,no
35,admin.,single,college,no,no,no,1,nonexistent,no
45,admin.,single,college,no,no,no,1,success,yes
42,blue-collar,married,basic,no,no,no,1,nonexistent,no
49,housemaid,married,basic,unknown,no,yes,1,nonexistent,yes
25,blue-collar,married,primary,no,no,no,1,nonexistent,no
34,admin.,married,college,no,no,no,2,nonexistent,no
56,management,divorced,college,no,no,no,4,nonexistent,no
28,blue-collar,married,basic,unknown,yes,no,5,nonexistent,no
55,admin.,married,college,unknown,no,no,6,nonexistent,no
33,blue-collar,divorced,basic,unknown,yes,no,1,nonexistent,no
48,blue-collar,married,basic,no,no,no,1,nonexistent,no
36,management,married,college,no,yes,yes,2,nonexistent,no
33,admin.,married,basic,no,no,no,1,nonexistent,no
28,blue-collar,single,basic,no,no,no,1,nonexistent,no
30,blue-collar,single,basic,unknown,no,no,1,nonexistent,no
38,technician,married,college,no,yes,yes,1,nonexistent,no
32,admin.,single,college,no,no,no,2,nonexistent,no
48,blue-collar,married,basic,no,yes,no,2,nonexistent,no
57,services,married,primary,no,yes,no,2,failure,no
46,services,married,college,no,no,no,3,nonexistent,no
33,admin.,single,college,no,yes,no,1,nonexistent,no
36,admin.,married,primary,no,no,no,2,nonexistent,no
50,entrepreneur,married,basic,no,no,no,1,nonexistent,no
54,technician,married,college,no,yes,no,1,nonexistent,no
31,management,married,college,no,no,yes,2,nonexistent,no
50,self-employed,married,basic,no,yes,yes,6,success,yes
29,services,single,primary,no,yes,no,2,nonexistent,no
68,retired,married,basic,no,no,no,1,failure,no
34,admin.,married,college,no,no,no,2,nonexistent,no
52,technician,married,primary,unknown,no,no,1,nonexistent,no
30,admin.,married,college,unknown,yes,no,1,nonexistent,no
31,admin.,married,primary,no,no,no,1,nonexistent,no
47,self-employed,married,college,no,yes,no,7,nonexistent,no
34,blue-collar,married,basic,no,no,no,3,nonexistent,no
34,blue-collar,married,basic,no,no,no,4,nonexistent,no
38,technician,married,secondary,no,yes,no,3,nonexistent,no
45,technician,married,college,no,yes,no,1,nonexistent,no
50,management,married,college,no,yes,no,2,nonexistent,no
29,admin.,single,college,no,yes,no,6,nonexistent,no
45,technician,married,college,unknown,yes,no,1,nonexistent,no
32,management,divorced,college,no,yes,yes,2,nonexistent,no
37,services,married,primary,no,yes,no,1,nonexistent,no
33,technician,single,primary,no,no,no,2,nonexistent,no
49,blue-collar,married,secondary,unknown,no,no,6,nonexistent,no
35,technician,married,secondary,no,yes,no,6,failure,no
55,housemaid,married,basic,no,yes,no,1,nonexistent,no
42,retired,divorced,unknown,no,no,no,4,nonexistent,no
29,entrepreneur,single,college,no,no,no,2,nonexistent,no
42,admin.,married,college,no,no,no,6,nonexistent,no
48,admin.,single,secondary,no,yes,no,1,nonexistent,no
29,unemployed,married,basic,no,no,no,1,nonexistent,yes
26,student,single,secondary,no,yes,no,2,failure,yes
54,unemployed,married,primary,no,yes,no,1,nonexistent,yes
54,management,married,basic,no,yes,no,3,failure,no
58,retired,married,basic,no,no,no,1,nonexistent,no
28,blue-collar,married,basic,no,no,yes,2,nonexistent,no
32,technician,single,secondary,no,yes,no,2,failure,no
31,admin.,single,secondary,no,no,no,1,nonexistent,no
41,blue-collar,married,unknown,unknown,yes,no,2,failure,no
52,services,married,basic,unknown,no,no,3,nonexistent,no
39,management,married,college,no,yes,no,3,nonexistent,yes
29,management,single,college,no,no,yes,1,nonexistent,no
41,admin.,married,college,unknown,yes,no,5,nonexistent,no
32,student,married,primary,no,yes,no,5,nonexistent,no
30,blue-collar,single,basic,no,yes,yes,4,nonexistent,no
47,blue-collar,married,basic,no,no,no,2,nonexistent,no
43,unemployed,married,college,unknown,no,no,1,nonexistent,no
42,admin.,single,primary,no,no,yes,1,nonexistent,no
56,services,married,primary,no,no,yes,4,nonexistent,no
30,services,single,primary,no,yes,yes,1,nonexistent,no
34,admin.,married,college,no,yes,no,1,nonexistent,no
38,technician,single,primary,no,yes,yes,1,nonexistent,no
39,blue-collar,married,basic,no,yes,yes,1,failure,no
27,technician,single,primary,no,no,no,2,nonexistent,no
27,admin.,single,primary,no,no,no,2,failure,no
53,retired,married,primary,no,yes,no,2,nonexistent,no
45,blue-collar,married,basic,unknown,yes,no,7,nonexistent,no
36,self-employed,single,college,no,yes,no,2,success,no
38,management,married,college,no,no,no,1,nonexistent,no
50,blue-collar,divorced,primary,unknown,no,yes,2,nonexistent,no
38,technician,divorced,secondary,no,no,no,2,nonexistent,no
26,admin.,single,primary,no,yes,yes,1,nonexistent,no
35,admin.,married,college,no,yes,no,1,nonexistent,no
56,admin.,married,unknown,no,yes,no,2,nonexistent,no
37,technician,divorced,secondary,no,unknown,unknown,1,nonexistent,no
57,technician,married,secondary,no,yes,no,2,nonexistent,yes
46,housemaid,married,basic,no,no,no,1,nonexistent,no
74,retired,married,college,no,yes,yes,3,nonexistent,yes
37,entrepreneur,married,college,unknown,yes,no,1,nonexistent,no
56,admin.,married,basic,no,no,yes,2,failure,no
30,blue-collar,married,basic,no,no,no,3,nonexistent,no
40,blue-collar,single,basic,no,unknown,unknown,4,nonexistent,no
32,blue-collar,married,basic,no,no,no,2,nonexistent,no
35,admin.,married,college,no,yes,no,1,failure,no
42,technician,divorced,primary,no,yes,no,2,failure,no
49,management,divorced,basic,no,no,no,6,nonexistent,no
27,student,single,primary,no,no,yes,2,failure,no
27,services,married,college,no,no,no,1,nonexistent,no
41,blue-collar,married,basic,no,yes,yes,2,nonexistent,no
47,blue-collar,married,basic,no,unknown,unknown,1,nonexistent,no
36,services,married,primary,no,no,yes,2,nonexistent,no
40,admin.,single,college,no,yes,yes,2,nonexistent,no
31,unemployed,divorced,college,no,yes,yes,7,nonexistent,no
60,admin.,married,college,no,yes,no,2,nonexistent,yes
31,technician,single,primary,no,yes,no,4,nonexistent,no
54,blue-collar,married,basic,unknown,yes,yes,1,nonexistent,no
40,housemaid,single,college,no,no,no,3,nonexistent,no
47,management,married,college,no,yes,no,1,success,yes
43,blue-collar,married,basic,unknown,yes,yes,2,nonexistent,no
36,admin.,single,college,no,no,yes,2,nonexistent,no
41,blue-collar,divorced,basic,no,no,no,1,nonexistent,no
58,admin.,divorced,primary,no,no,no,1,nonexistent,no
35,entrepreneur,single,college,no,yes,no,5,nonexistent,no
31,blue-collar,single,basic,unknown,no,yes,2,nonexistent,no
43,services,married,primary,no,no,no,1,nonexistent,no
42,technician,divorced,secondary,no,yes,no,1,nonexistent,no
36,admin.,married,college,unknown,yes,no,11,nonexistent,no
32,admin.,married,college,no,yes,no,5,nonexistent,no
31,technician,single,secondary,no,yes,no,1,nonexistent,no
30,admin.,married,basic,no,yes,yes,1,nonexistent,no
58,admin.,married,primary,no,no,no,1,nonexistent,no